fAKQJT,1
fKQJT9,2
fQJT98,3
fJT987,4
fT9876,5
f98765,6
f87654,7
f76543,8
f65432,9
fA5432,10
AAAAK,11
AAAAQ,12
AAAAJ,13
AAAAT,14
AAAA9,15
AAAA8,16
AAAA7,17
AAAA6,18
AAAA5,19
AAAA4,20
AAAA3,21
AAAA2,22
AKKKK,23
KKKKQ,24
KKKKJ,25
KKKKT,26
KKKK9,27
KKKK8,28
KKKK7,29
KKKK6,30
KKKK5,31
KKKK4,32
KKKK3,33
KKKK2,34
AQQQQ,35
KQQQQ,36
QQQQJ,37
QQQQT,38
QQQQ9,39
QQQQ8,40
QQQQ7,41
QQQQ6,42
QQQQ5,43
QQQQ4,44
QQQQ3,45
QQQQ2,46
AJJJJ,47
KJJJJ,48
QJJJJ,49
JJJJT,50
JJJJ9,51
JJJJ8,52
JJJJ7,53
JJJJ6,54
JJJJ5,55
JJJJ4,56
JJJJ3,57
JJJJ2,58
ATTTT,59
KTTTT,60
QTTTT,61
JTTTT,62
TTTT9,63
TTTT8,64
TTTT7,65
TTTT6,66
TTTT5,67
TTTT4,68
TTTT3,69
TTTT2,70
A9999,71
K9999,72
Q9999,73
J9999,74
T9999,75
99998,76
99997,77
99996,78
99995,79
99994,80
99993,81
99992,82
A8888,83
K8888,84
Q8888,85
J8888,86
T8888,87
98888,88
88887,89
88886,90
88885,91
88884,92
88883,93
88882,94
A7777,95
K7777,96
Q7777,97
J7777,98
T7777,99
97777,100
87777,101
77776,102
77775,103
77774,104
77773,105
77772,106
A6666,107
K6666,108
Q6666,109
J6666,110
T6666,111
96666,112
86666,113
76666,114
66665,115
66664,116
66663,117
66662,118
A5555,119
K5555,120
Q5555,121
J5555,122
T5555,123
95555,124
85555,125
75555,126
65555,127
55554,128
55553,129
55552,130
A4444,131
K4444,132
Q4444,133
J4444,134
T4444,135
94444,136
84444,137
74444,138
64444,139
54444,140
44443,141
44442,142
A3333,143
K3333,144
Q3333,145
J3333,146
T3333,147
93333,148
83333,149
73333,150
63333,151
53333,152
43333,153
33332,154
A2222,155
K2222,156
Q2222,157
J2222,158
T2222,159
92222,160
82222,161
72222,162
62222,163
52222,164
42222,165
32222,166
AAAKK,167
AAAQQ,168
AAAJJ,169
AAATT,170
AAA99,171
AAA88,172
AAA77,173
AAA66,174
AAA55,175
AAA44,176
AAA33,177
AAA22,178
AAKKK,179
KKKQQ,180
KKKJJ,181
KKKTT,182
KKK99,183
KKK88,184
KKK77,185
KKK66,186
KKK55,187
KKK44,188
KKK33,189
KKK22,190
AAQQQ,191
KKQQQ,192
QQQJJ,193
QQQTT,194
QQQ99,195
QQQ88,196
QQQ77,197
QQQ66,198
QQQ55,199
QQQ44,200
QQQ33,201
QQQ22,202
AAJJJ,203
KKJJJ,204
QQJJJ,205
JJJTT,206
JJJ99,207
JJJ88,208
JJJ77,209
JJJ66,210
JJJ55,211
JJJ44,212
JJJ33,213
JJJ22,214
AATTT,215
KKTTT,216
QQTTT,217
JJTTT,218
TTT99,219
TTT88,220
TTT77,221
TTT66,222
TTT55,223
TTT44,224
TTT33,225
TTT22,226
AA999,227
KK999,228
QQ999,229
JJ999,230
TT999,231
99988,232
99977,233
99966,234
99955,235
99944,236
99933,237
99922,238
AA888,239
KK888,240
QQ888,241
JJ888,242
TT888,243
99888,244
88877,245
88866,246
88855,247
88844,248
88833,249
88822,250
AA777,251
KK777,252
QQ777,253
JJ777,254
TT777,255
99777,256
88777,257
77766,258
77755,259
77744,260
77733,261
77722,262
AA666,263
KK666,264
QQ666,265
JJ666,266
TT666,267
99666,268
88666,269
77666,270
66655,271
66644,272
66633,273
66622,274
AA555,275
KK555,276
QQ555,277
JJ555,278
TT555,279
99555,280
88555,281
77555,282
66555,283
55544,284
55533,285
55522,286
AA444,287
KK444,288
QQ444,289
JJ444,290
TT444,291
99444,292
88444,293
77444,294
66444,295
55444,296
44433,297
44422,298
AA333,299
KK333,300
QQ333,301
JJ333,302
TT333,303
99333,304
88333,305
77333,306
66333,307
55333,308
44333,309
33322,310
AA222,311
KK222,312
QQ222,313
JJ222,314
TT222,315
99222,316
88222,317
77222,318
66222,319
55222,320
44222,321
33222,322
fAKQJ9,323
fAKQJ8,324
fAKQJ7,325
fAKQJ6,326
fAKQJ5,327
fAKQJ4,328
fAKQJ3,329
fAKQJ2,330
fAKQT9,331
fAKQT8,332
fAKQT7,333
fAKQT6,334
fAKQT5,335
fAKQT4,336
fAKQT3,337
fAKQT2,338
fAKQ98,339
fAKQ97,340
fAKQ96,341
fAKQ95,342
fAKQ94,343
fAKQ93,344
fAKQ92,345
fAKQ87,346
fAKQ86,347
fAKQ85,348
fAKQ84,349
fAKQ83,350
fAKQ82,351
fAKQ76,352
fAKQ75,353
fAKQ74,354
fAKQ73,355
fAKQ72,356
fAKQ65,357
fAKQ64,358
fAKQ63,359
fAKQ62,360
fAKQ54,361
fAKQ53,362
fAKQ52,363
fAKQ43,364
fAKQ42,365
fAKQ32,366
fAKJT9,367
fAKJT8,368
fAKJT7,369
fAKJT6,370
fAKJT5,371
fAKJT4,372
fAKJT3,373
fAKJT2,374
fAKJ98,375
fAKJ97,376
fAKJ96,377
fAKJ95,378
fAKJ94,379
fAKJ93,380
fAKJ92,381
fAKJ87,382
fAKJ86,383
fAKJ85,384
fAKJ84,385
fAKJ83,386
fAKJ82,387
fAKJ76,388
fAKJ75,389
fAKJ74,390
fAKJ73,391
fAKJ72,392
fAKJ65,393
fAKJ64,394
fAKJ63,395
fAKJ62,396
fAKJ54,397
fAKJ53,398
fAKJ52,399
fAKJ43,400
fAKJ42,401
fAKJ32,402
fAKT98,403
fAKT97,404
fAKT96,405
fAKT95,406
fAKT94,407
fAKT93,408
fAKT92,409
fAKT87,410
fAKT86,411
fAKT85,412
fAKT84,413
fAKT83,414
fAKT82,415
fAKT76,416
fAKT75,417
fAKT74,418
fAKT73,419
fAKT72,420
fAKT65,421
fAKT64,422
fAKT63,423
fAKT62,424
fAKT54,425
fAKT53,426
fAKT52,427
fAKT43,428
fAKT42,429
fAKT32,430
fAK987,431
fAK986,432
fAK985,433
fAK984,434
fAK983,435
fAK982,436
fAK976,437
fAK975,438
fAK974,439
fAK973,440
fAK972,441
fAK965,442
fAK964,443
fAK963,444
fAK962,445
fAK954,446
fAK953,447
fAK952,448
fAK943,449
fAK942,450
fAK932,451
fAK876,452
fAK875,453
fAK874,454
fAK873,455
fAK872,456
fAK865,457
fAK864,458
fAK863,459
fAK862,460
fAK854,461
fAK853,462
fAK852,463
fAK843,464
fAK842,465
fAK832,466
fAK765,467
fAK764,468
fAK763,469
fAK762,470
fAK754,471
fAK753,472
fAK752,473
fAK743,474
fAK742,475
fAK732,476
fAK654,477
fAK653,478
fAK652,479
fAK643,480
fAK642,481
fAK632,482
fAK543,483
fAK542,484
fAK532,485
fAK432,486
fAQJT9,487
fAQJT8,488
fAQJT7,489
fAQJT6,490
fAQJT5,491
fAQJT4,492
fAQJT3,493
fAQJT2,494
fAQJ98,495
fAQJ97,496
fAQJ96,497
fAQJ95,498
fAQJ94,499
fAQJ93,500
fAQJ92,501
fAQJ87,502
fAQJ86,503
fAQJ85,504
fAQJ84,505
fAQJ83,506
fAQJ82,507
fAQJ76,508
fAQJ75,509
fAQJ74,510
fAQJ73,511
fAQJ72,512
fAQJ65,513
fAQJ64,514
fAQJ63,515
fAQJ62,516
fAQJ54,517
fAQJ53,518
fAQJ52,519
fAQJ43,520
fAQJ42,521
fAQJ32,522
fAQT98,523
fAQT97,524
fAQT96,525
fAQT95,526
fAQT94,527
fAQT93,528
fAQT92,529
fAQT87,530
fAQT86,531
fAQT85,532
fAQT84,533
fAQT83,534
fAQT82,535
fAQT76,536
fAQT75,537
fAQT74,538
fAQT73,539
fAQT72,540
fAQT65,541
fAQT64,542
fAQT63,543
fAQT62,544
fAQT54,545
fAQT53,546
fAQT52,547
fAQT43,548
fAQT42,549
fAQT32,550
fAQ987,551
fAQ986,552
fAQ985,553
fAQ984,554
fAQ983,555
fAQ982,556
fAQ976,557
fAQ975,558
fAQ974,559
fAQ973,560
fAQ972,561
fAQ965,562
fAQ964,563
fAQ963,564
fAQ962,565
fAQ954,566
fAQ953,567
fAQ952,568
fAQ943,569
fAQ942,570
fAQ932,571
fAQ876,572
fAQ875,573
fAQ874,574
fAQ873,575
fAQ872,576
fAQ865,577
fAQ864,578
fAQ863,579
fAQ862,580
fAQ854,581
fAQ853,582
fAQ852,583
fAQ843,584
fAQ842,585
fAQ832,586
fAQ765,587
fAQ764,588
fAQ763,589
fAQ762,590
fAQ754,591
fAQ753,592
fAQ752,593
fAQ743,594
fAQ742,595
fAQ732,596
fAQ654,597
fAQ653,598
fAQ652,599
fAQ643,600
fAQ642,601
fAQ632,602
fAQ543,603
fAQ542,604
fAQ532,605
fAQ432,606
fAJT98,607
fAJT97,608
fAJT96,609
fAJT95,610
fAJT94,611
fAJT93,612
fAJT92,613
fAJT87,614
fAJT86,615
fAJT85,616
fAJT84,617
fAJT83,618
fAJT82,619
fAJT76,620
fAJT75,621
fAJT74,622
fAJT73,623
fAJT72,624
fAJT65,625
fAJT64,626
fAJT63,627
fAJT62,628
fAJT54,629
fAJT53,630
fAJT52,631
fAJT43,632
fAJT42,633
fAJT32,634
fAJ987,635
fAJ986,636
fAJ985,637
fAJ984,638
fAJ983,639
fAJ982,640
fAJ976,641
fAJ975,642
fAJ974,643
fAJ973,644
fAJ972,645
fAJ965,646
fAJ964,647
fAJ963,648
fAJ962,649
fAJ954,650
fAJ953,651
fAJ952,652
fAJ943,653
fAJ942,654
fAJ932,655
fAJ876,656
fAJ875,657
fAJ874,658
fAJ873,659
fAJ872,660
fAJ865,661
fAJ864,662
fAJ863,663
fAJ862,664
fAJ854,665
fAJ853,666
fAJ852,667
fAJ843,668
fAJ842,669
fAJ832,670
fAJ765,671
fAJ764,672
fAJ763,673
fAJ762,674
fAJ754,675
fAJ753,676
fAJ752,677
fAJ743,678
fAJ742,679
fAJ732,680
fAJ654,681
fAJ653,682
fAJ652,683
fAJ643,684
fAJ642,685
fAJ632,686
fAJ543,687
fAJ542,688
fAJ532,689
fAJ432,690
fAT987,691
fAT986,692
fAT985,693
fAT984,694
fAT983,695
fAT982,696
fAT976,697
fAT975,698
fAT974,699
fAT973,700
fAT972,701
fAT965,702
fAT964,703
fAT963,704
fAT962,705
fAT954,706
fAT953,707
fAT952,708
fAT943,709
fAT942,710
fAT932,711
fAT876,712
fAT875,713
fAT874,714
fAT873,715
fAT872,716
fAT865,717
fAT864,718
fAT863,719
fAT862,720
fAT854,721
fAT853,722
fAT852,723
fAT843,724
fAT842,725
fAT832,726
fAT765,727
fAT764,728
fAT763,729
fAT762,730
fAT754,731
fAT753,732
fAT752,733
fAT743,734
fAT742,735
fAT732,736
fAT654,737
fAT653,738
fAT652,739
fAT643,740
fAT642,741
fAT632,742
fAT543,743
fAT542,744
fAT532,745
fAT432,746
fA9876,747
fA9875,748
fA9874,749
fA9873,750
fA9872,751
fA9865,752
fA9864,753
fA9863,754
fA9862,755
fA9854,756
fA9853,757
fA9852,758
fA9843,759
fA9842,760
fA9832,761
fA9765,762
fA9764,763
fA9763,764
fA9762,765
fA9754,766
fA9753,767
fA9752,768
fA9743,769
fA9742,770
fA9732,771
fA9654,772
fA9653,773
fA9652,774
fA9643,775
fA9642,776
fA9632,777
fA9543,778
fA9542,779
fA9532,780
fA9432,781
fA8765,782
fA8764,783
fA8763,784
fA8762,785
fA8754,786
fA8753,787
fA8752,788
fA8743,789
fA8742,790
fA8732,791
fA8654,792
fA8653,793
fA8652,794
fA8643,795
fA8642,796
fA8632,797
fA8543,798
fA8542,799
fA8532,800
fA8432,801
fA7654,802
fA7653,803
fA7652,804
fA7643,805
fA7642,806
fA7632,807
fA7543,808
fA7542,809
fA7532,810
fA7432,811
fA6543,812
fA6542,813
fA6532,814
fA6432,815
fKQJT8,816
fKQJT7,817
fKQJT6,818
fKQJT5,819
fKQJT4,820
fKQJT3,821
fKQJT2,822
fKQJ98,823
fKQJ97,824
fKQJ96,825
fKQJ95,826
fKQJ94,827
fKQJ93,828
fKQJ92,829
fKQJ87,830
fKQJ86,831
fKQJ85,832
fKQJ84,833
fKQJ83,834
fKQJ82,835
fKQJ76,836
fKQJ75,837
fKQJ74,838
fKQJ73,839
fKQJ72,840
fKQJ65,841
fKQJ64,842
fKQJ63,843
fKQJ62,844
fKQJ54,845
fKQJ53,846
fKQJ52,847
fKQJ43,848
fKQJ42,849
fKQJ32,850
fKQT98,851
fKQT97,852
fKQT96,853
fKQT95,854
fKQT94,855
fKQT93,856
fKQT92,857
fKQT87,858
fKQT86,859
fKQT85,860
fKQT84,861
fKQT83,862
fKQT82,863
fKQT76,864
fKQT75,865
fKQT74,866
fKQT73,867
fKQT72,868
fKQT65,869
fKQT64,870
fKQT63,871
fKQT62,872
fKQT54,873
fKQT53,874
fKQT52,875
fKQT43,876
fKQT42,877
fKQT32,878
fKQ987,879
fKQ986,880
fKQ985,881
fKQ984,882
fKQ983,883
fKQ982,884
fKQ976,885
fKQ975,886
fKQ974,887
fKQ973,888
fKQ972,889
fKQ965,890
fKQ964,891
fKQ963,892
fKQ962,893
fKQ954,894
fKQ953,895
fKQ952,896
fKQ943,897
fKQ942,898
fKQ932,899
fKQ876,900
fKQ875,901
fKQ874,902
fKQ873,903
fKQ872,904
fKQ865,905
fKQ864,906
fKQ863,907
fKQ862,908
fKQ854,909
fKQ853,910
fKQ852,911
fKQ843,912
fKQ842,913
fKQ832,914
fKQ765,915
fKQ764,916
fKQ763,917
fKQ762,918
fKQ754,919
fKQ753,920
fKQ752,921
fKQ743,922
fKQ742,923
fKQ732,924
fKQ654,925
fKQ653,926
fKQ652,927
fKQ643,928
fKQ642,929
fKQ632,930
fKQ543,931
fKQ542,932
fKQ532,933
fKQ432,934
fKJT98,935
fKJT97,936
fKJT96,937
fKJT95,938
fKJT94,939
fKJT93,940
fKJT92,941
fKJT87,942
fKJT86,943
fKJT85,944
fKJT84,945
fKJT83,946
fKJT82,947
fKJT76,948
fKJT75,949
fKJT74,950
fKJT73,951
fKJT72,952
fKJT65,953
fKJT64,954
fKJT63,955
fKJT62,956
fKJT54,957
fKJT53,958
fKJT52,959
fKJT43,960
fKJT42,961
fKJT32,962
fKJ987,963
fKJ986,964
fKJ985,965
fKJ984,966
fKJ983,967
fKJ982,968
fKJ976,969
fKJ975,970
fKJ974,971
fKJ973,972
fKJ972,973
fKJ965,974
fKJ964,975
fKJ963,976
fKJ962,977
fKJ954,978
fKJ953,979
fKJ952,980
fKJ943,981
fKJ942,982
fKJ932,983
fKJ876,984
fKJ875,985
fKJ874,986
fKJ873,987
fKJ872,988
fKJ865,989
fKJ864,990
fKJ863,991
fKJ862,992
fKJ854,993
fKJ853,994
fKJ852,995
fKJ843,996
fKJ842,997
fKJ832,998
fKJ765,999
fKJ764,1000
fKJ763,1001
fKJ762,1002
fKJ754,1003
fKJ753,1004
fKJ752,1005
fKJ743,1006
fKJ742,1007
fKJ732,1008
fKJ654,1009
fKJ653,1010
fKJ652,1011
fKJ643,1012
fKJ642,1013
fKJ632,1014
fKJ543,1015
fKJ542,1016
fKJ532,1017
fKJ432,1018
fKT987,1019
fKT986,1020
fKT985,1021
fKT984,1022
fKT983,1023
fKT982,1024
fKT976,1025
fKT975,1026
fKT974,1027
fKT973,1028
fKT972,1029
fKT965,1030
fKT964,1031
fKT963,1032
fKT962,1033
fKT954,1034
fKT953,1035
fKT952,1036
fKT943,1037
fKT942,1038
fKT932,1039
fKT876,1040
fKT875,1041
fKT874,1042
fKT873,1043
fKT872,1044
fKT865,1045
fKT864,1046
fKT863,1047
fKT862,1048
fKT854,1049
fKT853,1050
fKT852,1051
fKT843,1052
fKT842,1053
fKT832,1054
fKT765,1055
fKT764,1056
fKT763,1057
fKT762,1058
fKT754,1059
fKT753,1060
fKT752,1061
fKT743,1062
fKT742,1063
fKT732,1064
fKT654,1065
fKT653,1066
fKT652,1067
fKT643,1068
fKT642,1069
fKT632,1070
fKT543,1071
fKT542,1072
fKT532,1073
fKT432,1074
fK9876,1075
fK9875,1076
fK9874,1077
fK9873,1078
fK9872,1079
fK9865,1080
fK9864,1081
fK9863,1082
fK9862,1083
fK9854,1084
fK9853,1085
fK9852,1086
fK9843,1087
fK9842,1088
fK9832,1089
fK9765,1090
fK9764,1091
fK9763,1092
fK9762,1093
fK9754,1094
fK9753,1095
fK9752,1096
fK9743,1097
fK9742,1098
fK9732,1099
fK9654,1100
fK9653,1101
fK9652,1102
fK9643,1103
fK9642,1104
fK9632,1105
fK9543,1106
fK9542,1107
fK9532,1108
fK9432,1109
fK8765,1110
fK8764,1111
fK8763,1112
fK8762,1113
fK8754,1114
fK8753,1115
fK8752,1116
fK8743,1117
fK8742,1118
fK8732,1119
fK8654,1120
fK8653,1121
fK8652,1122
fK8643,1123
fK8642,1124
fK8632,1125
fK8543,1126
fK8542,1127
fK8532,1128
fK8432,1129
fK7654,1130
fK7653,1131
fK7652,1132
fK7643,1133
fK7642,1134
fK7632,1135
fK7543,1136
fK7542,1137
fK7532,1138
fK7432,1139
fK6543,1140
fK6542,1141
fK6532,1142
fK6432,1143
fK5432,1144
fQJT97,1145
fQJT96,1146
fQJT95,1147
fQJT94,1148
fQJT93,1149
fQJT92,1150
fQJT87,1151
fQJT86,1152
fQJT85,1153
fQJT84,1154
fQJT83,1155
fQJT82,1156
fQJT76,1157
fQJT75,1158
fQJT74,1159
fQJT73,1160
fQJT72,1161
fQJT65,1162
fQJT64,1163
fQJT63,1164
fQJT62,1165
fQJT54,1166
fQJT53,1167
fQJT52,1168
fQJT43,1169
fQJT42,1170
fQJT32,1171
fQJ987,1172
fQJ986,1173
fQJ985,1174
fQJ984,1175
fQJ983,1176
fQJ982,1177
fQJ976,1178
fQJ975,1179
fQJ974,1180
fQJ973,1181
fQJ972,1182
fQJ965,1183
fQJ964,1184
fQJ963,1185
fQJ962,1186
fQJ954,1187
fQJ953,1188
fQJ952,1189
fQJ943,1190
fQJ942,1191
fQJ932,1192
fQJ876,1193
fQJ875,1194
fQJ874,1195
fQJ873,1196
fQJ872,1197
fQJ865,1198
fQJ864,1199
fQJ863,1200
fQJ862,1201
fQJ854,1202
fQJ853,1203
fQJ852,1204
fQJ843,1205
fQJ842,1206
fQJ832,1207
fQJ765,1208
fQJ764,1209
fQJ763,1210
fQJ762,1211
fQJ754,1212
fQJ753,1213
fQJ752,1214
fQJ743,1215
fQJ742,1216
fQJ732,1217
fQJ654,1218
fQJ653,1219
fQJ652,1220
fQJ643,1221
fQJ642,1222
fQJ632,1223
fQJ543,1224
fQJ542,1225
fQJ532,1226
fQJ432,1227
fQT987,1228
fQT986,1229
fQT985,1230
fQT984,1231
fQT983,1232
fQT982,1233
fQT976,1234
fQT975,1235
fQT974,1236
fQT973,1237
fQT972,1238
fQT965,1239
fQT964,1240
fQT963,1241
fQT962,1242
fQT954,1243
fQT953,1244
fQT952,1245
fQT943,1246
fQT942,1247
fQT932,1248
fQT876,1249
fQT875,1250
fQT874,1251
fQT873,1252
fQT872,1253
fQT865,1254
fQT864,1255
fQT863,1256
fQT862,1257
fQT854,1258
fQT853,1259
fQT852,1260
fQT843,1261
fQT842,1262
fQT832,1263
fQT765,1264
fQT764,1265
fQT763,1266
fQT762,1267
fQT754,1268
fQT753,1269
fQT752,1270
fQT743,1271
fQT742,1272
fQT732,1273
fQT654,1274
fQT653,1275
fQT652,1276
fQT643,1277
fQT642,1278
fQT632,1279
fQT543,1280
fQT542,1281
fQT532,1282
fQT432,1283
fQ9876,1284
fQ9875,1285
fQ9874,1286
fQ9873,1287
fQ9872,1288
fQ9865,1289
fQ9864,1290
fQ9863,1291
fQ9862,1292
fQ9854,1293
fQ9853,1294
fQ9852,1295
fQ9843,1296
fQ9842,1297
fQ9832,1298
fQ9765,1299
fQ9764,1300
fQ9763,1301
fQ9762,1302
fQ9754,1303
fQ9753,1304
fQ9752,1305
fQ9743,1306
fQ9742,1307
fQ9732,1308
fQ9654,1309
fQ9653,1310
fQ9652,1311
fQ9643,1312
fQ9642,1313
fQ9632,1314
fQ9543,1315
fQ9542,1316
fQ9532,1317
fQ9432,1318
fQ8765,1319
fQ8764,1320
fQ8763,1321
fQ8762,1322
fQ8754,1323
fQ8753,1324
fQ8752,1325
fQ8743,1326
fQ8742,1327
fQ8732,1328
fQ8654,1329
fQ8653,1330
fQ8652,1331
fQ8643,1332
fQ8642,1333
fQ8632,1334
fQ8543,1335
fQ8542,1336
fQ8532,1337
fQ8432,1338
fQ7654,1339
fQ7653,1340
fQ7652,1341
fQ7643,1342
fQ7642,1343
fQ7632,1344
fQ7543,1345
fQ7542,1346
fQ7532,1347
fQ7432,1348
fQ6543,1349
fQ6542,1350
fQ6532,1351
fQ6432,1352
fQ5432,1353
fJT986,1354
fJT985,1355
fJT984,1356
fJT983,1357
fJT982,1358
fJT976,1359
fJT975,1360
fJT974,1361
fJT973,1362
fJT972,1363
fJT965,1364
fJT964,1365
fJT963,1366
fJT962,1367
fJT954,1368
fJT953,1369
fJT952,1370
fJT943,1371
fJT942,1372
fJT932,1373
fJT876,1374
fJT875,1375
fJT874,1376
fJT873,1377
fJT872,1378
fJT865,1379
fJT864,1380
fJT863,1381
fJT862,1382
fJT854,1383
fJT853,1384
fJT852,1385
fJT843,1386
fJT842,1387
fJT832,1388
fJT765,1389
fJT764,1390
fJT763,1391
fJT762,1392
fJT754,1393
fJT753,1394
fJT752,1395
fJT743,1396
fJT742,1397
fJT732,1398
fJT654,1399
fJT653,1400
fJT652,1401
fJT643,1402
fJT642,1403
fJT632,1404
fJT543,1405
fJT542,1406
fJT532,1407
fJT432,1408
fJ9876,1409
fJ9875,1410
fJ9874,1411
fJ9873,1412
fJ9872,1413
fJ9865,1414
fJ9864,1415
fJ9863,1416
fJ9862,1417
fJ9854,1418
fJ9853,1419
fJ9852,1420
fJ9843,1421
fJ9842,1422
fJ9832,1423
fJ9765,1424
fJ9764,1425
fJ9763,1426
fJ9762,1427
fJ9754,1428
fJ9753,1429
fJ9752,1430
fJ9743,1431
fJ9742,1432
fJ9732,1433
fJ9654,1434
fJ9653,1435
fJ9652,1436
fJ9643,1437
fJ9642,1438
fJ9632,1439
fJ9543,1440
fJ9542,1441
fJ9532,1442
fJ9432,1443
fJ8765,1444
fJ8764,1445
fJ8763,1446
fJ8762,1447
fJ8754,1448
fJ8753,1449
fJ8752,1450
fJ8743,1451
fJ8742,1452
fJ8732,1453
fJ8654,1454
fJ8653,1455
fJ8652,1456
fJ8643,1457
fJ8642,1458
fJ8632,1459
fJ8543,1460
fJ8542,1461
fJ8532,1462
fJ8432,1463
fJ7654,1464
fJ7653,1465
fJ7652,1466
fJ7643,1467
fJ7642,1468
fJ7632,1469
fJ7543,1470
fJ7542,1471
fJ7532,1472
fJ7432,1473
fJ6543,1474
fJ6542,1475
fJ6532,1476
fJ6432,1477
fJ5432,1478
fT9875,1479
fT9874,1480
fT9873,1481
fT9872,1482
fT9865,1483
fT9864,1484
fT9863,1485
fT9862,1486
fT9854,1487
fT9853,1488
fT9852,1489
fT9843,1490
fT9842,1491
fT9832,1492
fT9765,1493
fT9764,1494
fT9763,1495
fT9762,1496
fT9754,1497
fT9753,1498
fT9752,1499
fT9743,1500
fT9742,1501
fT9732,1502
fT9654,1503
fT9653,1504
fT9652,1505
fT9643,1506
fT9642,1507
fT9632,1508
fT9543,1509
fT9542,1510
fT9532,1511
fT9432,1512
fT8765,1513
fT8764,1514
fT8763,1515
fT8762,1516
fT8754,1517
fT8753,1518
fT8752,1519
fT8743,1520
fT8742,1521
fT8732,1522
fT8654,1523
fT8653,1524
fT8652,1525
fT8643,1526
fT8642,1527
fT8632,1528
fT8543,1529
fT8542,1530
fT8532,1531
fT8432,1532
fT7654,1533
fT7653,1534
fT7652,1535
fT7643,1536
fT7642,1537
fT7632,1538
fT7543,1539
fT7542,1540
fT7532,1541
fT7432,1542
fT6543,1543
fT6542,1544
fT6532,1545
fT6432,1546
fT5432,1547
f98764,1548
f98763,1549
f98762,1550
f98754,1551
f98753,1552
f98752,1553
f98743,1554
f98742,1555
f98732,1556
f98654,1557
f98653,1558
f98652,1559
f98643,1560
f98642,1561
f98632,1562
f98543,1563
f98542,1564
f98532,1565
f98432,1566
f97654,1567
f97653,1568
f97652,1569
f97643,1570
f97642,1571
f97632,1572
f97543,1573
f97542,1574
f97532,1575
f97432,1576
f96543,1577
f96542,1578
f96532,1579
f96432,1580
f95432,1581
f87653,1582
f87652,1583
f87643,1584
f87642,1585
f87632,1586
f87543,1587
f87542,1588
f87532,1589
f87432,1590
f86543,1591
f86542,1592
f86532,1593
f86432,1594
f85432,1595
f76542,1596
f76532,1597
f76432,1598
f75432,1599
AKQJT,1600
KQJT9,1601
QJT98,1602
JT987,1603
T9876,1604
98765,1605
87654,1606
76543,1607
65432,1608
A5432,1609
AAAKQ,1610
AAAKJ,1611
AAAKT,1612
AAAK9,1613
AAAK8,1614
AAAK7,1615
AAAK6,1616
AAAK5,1617
AAAK4,1618
AAAK3,1619
AAAK2,1620
AAAQJ,1621
AAAQT,1622
AAAQ9,1623
AAAQ8,1624
AAAQ7,1625
AAAQ6,1626
AAAQ5,1627
AAAQ4,1628
AAAQ3,1629
AAAQ2,1630
AAAJT,1631
AAAJ9,1632
AAAJ8,1633
AAAJ7,1634
AAAJ6,1635
AAAJ5,1636
AAAJ4,1637
AAAJ3,1638
AAAJ2,1639
AAAT9,1640
AAAT8,1641
AAAT7,1642
AAAT6,1643
AAAT5,1644
AAAT4,1645
AAAT3,1646
AAAT2,1647
AAA98,1648
AAA97,1649
AAA96,1650
AAA95,1651
AAA94,1652
AAA93,1653
AAA92,1654
AAA87,1655
AAA86,1656
AAA85,1657
AAA84,1658
AAA83,1659
AAA82,1660
AAA76,1661
AAA75,1662
AAA74,1663
AAA73,1664
AAA72,1665
AAA65,1666
AAA64,1667
AAA63,1668
AAA62,1669
AAA54,1670
AAA53,1671
AAA52,1672
AAA43,1673
AAA42,1674
AAA32,1675
AKKKQ,1676
AKKKJ,1677
AKKKT,1678
AKKK9,1679
AKKK8,1680
AKKK7,1681
AKKK6,1682
AKKK5,1683
AKKK4,1684
AKKK3,1685
AKKK2,1686
KKKQJ,1687
KKKQT,1688
KKKQ9,1689
KKKQ8,1690
KKKQ7,1691
KKKQ6,1692
KKKQ5,1693
KKKQ4,1694
KKKQ3,1695
KKKQ2,1696
KKKJT,1697
KKKJ9,1698
KKKJ8,1699
KKKJ7,1700
KKKJ6,1701
KKKJ5,1702
KKKJ4,1703
KKKJ3,1704
KKKJ2,1705
KKKT9,1706
KKKT8,1707
KKKT7,1708
KKKT6,1709
KKKT5,1710
KKKT4,1711
KKKT3,1712
KKKT2,1713
KKK98,1714
KKK97,1715
KKK96,1716
KKK95,1717
KKK94,1718
KKK93,1719
KKK92,1720
KKK87,1721
KKK86,1722
KKK85,1723
KKK84,1724
KKK83,1725
KKK82,1726
KKK76,1727
KKK75,1728
KKK74,1729
KKK73,1730
KKK72,1731
KKK65,1732
KKK64,1733
KKK63,1734
KKK62,1735
KKK54,1736
KKK53,1737
KKK52,1738
KKK43,1739
KKK42,1740
KKK32,1741
AKQQQ,1742
AQQQJ,1743
AQQQT,1744
AQQQ9,1745
AQQQ8,1746
AQQQ7,1747
AQQQ6,1748
AQQQ5,1749
AQQQ4,1750
AQQQ3,1751
AQQQ2,1752
KQQQJ,1753
KQQQT,1754
KQQQ9,1755
KQQQ8,1756
KQQQ7,1757
KQQQ6,1758
KQQQ5,1759
KQQQ4,1760
KQQQ3,1761
KQQQ2,1762
QQQJT,1763
QQQJ9,1764
QQQJ8,1765
QQQJ7,1766
QQQJ6,1767
QQQJ5,1768
QQQJ4,1769
QQQJ3,1770
QQQJ2,1771
QQQT9,1772
QQQT8,1773
QQQT7,1774
QQQT6,1775
QQQT5,1776
QQQT4,1777
QQQT3,1778
QQQT2,1779
QQQ98,1780
QQQ97,1781
QQQ96,1782
QQQ95,1783
QQQ94,1784
QQQ93,1785
QQQ92,1786
QQQ87,1787
QQQ86,1788
QQQ85,1789
QQQ84,1790
QQQ83,1791
QQQ82,1792
QQQ76,1793
QQQ75,1794
QQQ74,1795
QQQ73,1796
QQQ72,1797
QQQ65,1798
QQQ64,1799
QQQ63,1800
QQQ62,1801
QQQ54,1802
QQQ53,1803
QQQ52,1804
QQQ43,1805
QQQ42,1806
QQQ32,1807
AKJJJ,1808
AQJJJ,1809
AJJJT,1810
AJJJ9,1811
AJJJ8,1812
AJJJ7,1813
AJJJ6,1814
AJJJ5,1815
AJJJ4,1816
AJJJ3,1817
AJJJ2,1818
KQJJJ,1819
KJJJT,1820
KJJJ9,1821
KJJJ8,1822
KJJJ7,1823
KJJJ6,1824
KJJJ5,1825
KJJJ4,1826
KJJJ3,1827
KJJJ2,1828
QJJJT,1829
QJJJ9,1830
QJJJ8,1831
QJJJ7,1832
QJJJ6,1833
QJJJ5,1834
QJJJ4,1835
QJJJ3,1836
QJJJ2,1837
JJJT9,1838
JJJT8,1839
JJJT7,1840
JJJT6,1841
JJJT5,1842
JJJT4,1843
JJJT3,1844
JJJT2,1845
JJJ98,1846
JJJ97,1847
JJJ96,1848
JJJ95,1849
JJJ94,1850
JJJ93,1851
JJJ92,1852
JJJ87,1853
JJJ86,1854
JJJ85,1855
JJJ84,1856
JJJ83,1857
JJJ82,1858
JJJ76,1859
JJJ75,1860
JJJ74,1861
JJJ73,1862
JJJ72,1863
JJJ65,1864
JJJ64,1865
JJJ63,1866
JJJ62,1867
JJJ54,1868
JJJ53,1869
JJJ52,1870
JJJ43,1871
JJJ42,1872
JJJ32,1873
AKTTT,1874
AQTTT,1875
AJTTT,1876
ATTT9,1877
ATTT8,1878
ATTT7,1879
ATTT6,1880
ATTT5,1881
ATTT4,1882
ATTT3,1883
ATTT2,1884
KQTTT,1885
KJTTT,1886
KTTT9,1887
KTTT8,1888
KTTT7,1889
KTTT6,1890
KTTT5,1891
KTTT4,1892
KTTT3,1893
KTTT2,1894
QJTTT,1895
QTTT9,1896
QTTT8,1897
QTTT7,1898
QTTT6,1899
QTTT5,1900
QTTT4,1901
QTTT3,1902
QTTT2,1903
JTTT9,1904
JTTT8,1905
JTTT7,1906
JTTT6,1907
JTTT5,1908
JTTT4,1909
JTTT3,1910
JTTT2,1911
TTT98,1912
TTT97,1913
TTT96,1914
TTT95,1915
TTT94,1916
TTT93,1917
TTT92,1918
TTT87,1919
TTT86,1920
TTT85,1921
TTT84,1922
TTT83,1923
TTT82,1924
TTT76,1925
TTT75,1926
TTT74,1927
TTT73,1928
TTT72,1929
TTT65,1930
TTT64,1931
TTT63,1932
TTT62,1933
TTT54,1934
TTT53,1935
TTT52,1936
TTT43,1937
TTT42,1938
TTT32,1939
AK999,1940
AQ999,1941
AJ999,1942
AT999,1943
A9998,1944
A9997,1945
A9996,1946
A9995,1947
A9994,1948
A9993,1949
A9992,1950
KQ999,1951
KJ999,1952
KT999,1953
K9998,1954
K9997,1955
K9996,1956
K9995,1957
K9994,1958
K9993,1959
K9992,1960
QJ999,1961
QT999,1962
Q9998,1963
Q9997,1964
Q9996,1965
Q9995,1966
Q9994,1967
Q9993,1968
Q9992,1969
JT999,1970
J9998,1971
J9997,1972
J9996,1973
J9995,1974
J9994,1975
J9993,1976
J9992,1977
T9998,1978
T9997,1979
T9996,1980
T9995,1981
T9994,1982
T9993,1983
T9992,1984
99987,1985
99986,1986
99985,1987
99984,1988
99983,1989
99982,1990
99976,1991
99975,1992
99974,1993
99973,1994
99972,1995
99965,1996
99964,1997
99963,1998
99962,1999
99954,2000
99953,2001
99952,2002
99943,2003
99942,2004
99932,2005
AK888,2006
AQ888,2007
AJ888,2008
AT888,2009
A9888,2010
A8887,2011
A8886,2012
A8885,2013
A8884,2014
A8883,2015
A8882,2016
KQ888,2017
KJ888,2018
KT888,2019
K9888,2020
K8887,2021
K8886,2022
K8885,2023
K8884,2024
K8883,2025
K8882,2026
QJ888,2027
QT888,2028
Q9888,2029
Q8887,2030
Q8886,2031
Q8885,2032
Q8884,2033
Q8883,2034
Q8882,2035
JT888,2036
J9888,2037
J8887,2038
J8886,2039
J8885,2040
J8884,2041
J8883,2042
J8882,2043
T9888,2044
T8887,2045
T8886,2046
T8885,2047
T8884,2048
T8883,2049
T8882,2050
98887,2051
98886,2052
98885,2053
98884,2054
98883,2055
98882,2056
88876,2057
88875,2058
88874,2059
88873,2060
88872,2061
88865,2062
88864,2063
88863,2064
88862,2065
88854,2066
88853,2067
88852,2068
88843,2069
88842,2070
88832,2071
AK777,2072
AQ777,2073
AJ777,2074
AT777,2075
A9777,2076
A8777,2077
A7776,2078
A7775,2079
A7774,2080
A7773,2081
A7772,2082
KQ777,2083
KJ777,2084
KT777,2085
K9777,2086
K8777,2087
K7776,2088
K7775,2089
K7774,2090
K7773,2091
K7772,2092
QJ777,2093
QT777,2094
Q9777,2095
Q8777,2096
Q7776,2097
Q7775,2098
Q7774,2099
Q7773,2100
Q7772,2101
JT777,2102
J9777,2103
J8777,2104
J7776,2105
J7775,2106
J7774,2107
J7773,2108
J7772,2109
T9777,2110
T8777,2111
T7776,2112
T7775,2113
T7774,2114
T7773,2115
T7772,2116
98777,2117
97776,2118
97775,2119
97774,2120
97773,2121
97772,2122
87776,2123
87775,2124
87774,2125
87773,2126
87772,2127
77765,2128
77764,2129
77763,2130
77762,2131
77754,2132
77753,2133
77752,2134
77743,2135
77742,2136
77732,2137
AK666,2138
AQ666,2139
AJ666,2140
AT666,2141
A9666,2142
A8666,2143
A7666,2144
A6665,2145
A6664,2146
A6663,2147
A6662,2148
KQ666,2149
KJ666,2150
KT666,2151
K9666,2152
K8666,2153
K7666,2154
K6665,2155
K6664,2156
K6663,2157
K6662,2158
QJ666,2159
QT666,2160
Q9666,2161
Q8666,2162
Q7666,2163
Q6665,2164
Q6664,2165
Q6663,2166
Q6662,2167
JT666,2168
J9666,2169
J8666,2170
J7666,2171
J6665,2172
J6664,2173
J6663,2174
J6662,2175
T9666,2176
T8666,2177
T7666,2178
T6665,2179
T6664,2180
T6663,2181
T6662,2182
98666,2183
97666,2184
96665,2185
96664,2186
96663,2187
96662,2188
87666,2189
86665,2190
86664,2191
86663,2192
86662,2193
76665,2194
76664,2195
76663,2196
76662,2197
66654,2198
66653,2199
66652,2200
66643,2201
66642,2202
66632,2203
AK555,2204
AQ555,2205
AJ555,2206
AT555,2207
A9555,2208
A8555,2209
A7555,2210
A6555,2211
A5554,2212
A5553,2213
A5552,2214
KQ555,2215
KJ555,2216
KT555,2217
K9555,2218
K8555,2219
K7555,2220
K6555,2221
K5554,2222
K5553,2223
K5552,2224
QJ555,2225
QT555,2226
Q9555,2227
Q8555,2228
Q7555,2229
Q6555,2230
Q5554,2231
Q5553,2232
Q5552,2233
JT555,2234
J9555,2235
J8555,2236
J7555,2237
J6555,2238
J5554,2239
J5553,2240
J5552,2241
T9555,2242
T8555,2243
T7555,2244
T6555,2245
T5554,2246
T5553,2247
T5552,2248
98555,2249
97555,2250
96555,2251
95554,2252
95553,2253
95552,2254
87555,2255
86555,2256
85554,2257
85553,2258
85552,2259
76555,2260
75554,2261
75553,2262
75552,2263
65554,2264
65553,2265
65552,2266
55543,2267
55542,2268
55532,2269
AK444,2270
AQ444,2271
AJ444,2272
AT444,2273
A9444,2274
A8444,2275
A7444,2276
A6444,2277
A5444,2278
A4443,2279
A4442,2280
KQ444,2281
KJ444,2282
KT444,2283
K9444,2284
K8444,2285
K7444,2286
K6444,2287
K5444,2288
K4443,2289
K4442,2290
QJ444,2291
QT444,2292
Q9444,2293
Q8444,2294
Q7444,2295
Q6444,2296
Q5444,2297
Q4443,2298
Q4442,2299
JT444,2300
J9444,2301
J8444,2302
J7444,2303
J6444,2304
J5444,2305
J4443,2306
J4442,2307
T9444,2308
T8444,2309
T7444,2310
T6444,2311
T5444,2312
T4443,2313
T4442,2314
98444,2315
97444,2316
96444,2317
95444,2318
94443,2319
94442,2320
87444,2321
86444,2322
85444,2323
84443,2324
84442,2325
76444,2326
75444,2327
74443,2328
74442,2329
65444,2330
64443,2331
64442,2332
54443,2333
54442,2334
44432,2335
AK333,2336
AQ333,2337
AJ333,2338
AT333,2339
A9333,2340
A8333,2341
A7333,2342
A6333,2343
A5333,2344
A4333,2345
A3332,2346
KQ333,2347
KJ333,2348
KT333,2349
K9333,2350
K8333,2351
K7333,2352
K6333,2353
K5333,2354
K4333,2355
K3332,2356
QJ333,2357
QT333,2358
Q9333,2359
Q8333,2360
Q7333,2361
Q6333,2362
Q5333,2363
Q4333,2364
Q3332,2365
JT333,2366
J9333,2367
J8333,2368
J7333,2369
J6333,2370
J5333,2371
J4333,2372
J3332,2373
T9333,2374
T8333,2375
T7333,2376
T6333,2377
T5333,2378
T4333,2379
T3332,2380
98333,2381
97333,2382
96333,2383
95333,2384
94333,2385
93332,2386
87333,2387
86333,2388
85333,2389
84333,2390
83332,2391
76333,2392
75333,2393
74333,2394
73332,2395
65333,2396
64333,2397
63332,2398
54333,2399
53332,2400
43332,2401
AK222,2402
AQ222,2403
AJ222,2404
AT222,2405
A9222,2406
A8222,2407
A7222,2408
A6222,2409
A5222,2410
A4222,2411
A3222,2412
KQ222,2413
KJ222,2414
KT222,2415
K9222,2416
K8222,2417
K7222,2418
K6222,2419
K5222,2420
K4222,2421
K3222,2422
QJ222,2423
QT222,2424
Q9222,2425
Q8222,2426
Q7222,2427
Q6222,2428
Q5222,2429
Q4222,2430
Q3222,2431
JT222,2432
J9222,2433
J8222,2434
J7222,2435
J6222,2436
J5222,2437
J4222,2438
J3222,2439
T9222,2440
T8222,2441
T7222,2442
T6222,2443
T5222,2444
T4222,2445
T3222,2446
98222,2447
97222,2448
96222,2449
95222,2450
94222,2451
93222,2452
87222,2453
86222,2454
85222,2455
84222,2456
83222,2457
76222,2458
75222,2459
74222,2460
73222,2461
65222,2462
64222,2463
63222,2464
54222,2465
53222,2466
43222,2467
AAKKQ,2468
AAKKJ,2469
AAKKT,2470
AAKK9,2471
AAKK8,2472
AAKK7,2473
AAKK6,2474
AAKK5,2475
AAKK4,2476
AAKK3,2477
AAKK2,2478
AAKQQ,2479
AAQQJ,2480
AAQQT,2481
AAQQ9,2482
AAQQ8,2483
AAQQ7,2484
AAQQ6,2485
AAQQ5,2486
AAQQ4,2487
AAQQ3,2488
AAQQ2,2489
AAKJJ,2490
AAQJJ,2491
AAJJT,2492
AAJJ9,2493
AAJJ8,2494
AAJJ7,2495
AAJJ6,2496
AAJJ5,2497
AAJJ4,2498
AAJJ3,2499
AAJJ2,2500
AAKTT,2501
AAQTT,2502
AAJTT,2503
AATT9,2504
AATT8,2505
AATT7,2506
AATT6,2507
AATT5,2508
AATT4,2509
AATT3,2510
AATT2,2511
AAK99,2512
AAQ99,2513
AAJ99,2514
AAT99,2515
AA998,2516
AA997,2517
AA996,2518
AA995,2519
AA994,2520
AA993,2521
AA992,2522
AAK88,2523
AAQ88,2524
AAJ88,2525
AAT88,2526
AA988,2527
AA887,2528
AA886,2529
AA885,2530
AA884,2531
AA883,2532
AA882,2533
AAK77,2534
AAQ77,2535
AAJ77,2536
AAT77,2537
AA977,2538
AA877,2539
AA776,2540
AA775,2541
AA774,2542
AA773,2543
AA772,2544
AAK66,2545
AAQ66,2546
AAJ66,2547
AAT66,2548
AA966,2549
AA866,2550
AA766,2551
AA665,2552
AA664,2553
AA663,2554
AA662,2555
AAK55,2556
AAQ55,2557
AAJ55,2558
AAT55,2559
AA955,2560
AA855,2561
AA755,2562
AA655,2563
AA554,2564
AA553,2565
AA552,2566
AAK44,2567
AAQ44,2568
AAJ44,2569
AAT44,2570
AA944,2571
AA844,2572
AA744,2573
AA644,2574
AA544,2575
AA443,2576
AA442,2577
AAK33,2578
AAQ33,2579
AAJ33,2580
AAT33,2581
AA933,2582
AA833,2583
AA733,2584
AA633,2585
AA533,2586
AA433,2587
AA332,2588
AAK22,2589
AAQ22,2590
AAJ22,2591
AAT22,2592
AA922,2593
AA822,2594
AA722,2595
AA622,2596
AA522,2597
AA422,2598
AA322,2599
AKKQQ,2600
KKQQJ,2601
KKQQT,2602
KKQQ9,2603
KKQQ8,2604
KKQQ7,2605
KKQQ6,2606
KKQQ5,2607
KKQQ4,2608
KKQQ3,2609
KKQQ2,2610
AKKJJ,2611
KKQJJ,2612
KKJJT,2613
KKJJ9,2614
KKJJ8,2615
KKJJ7,2616
KKJJ6,2617
KKJJ5,2618
KKJJ4,2619
KKJJ3,2620
KKJJ2,2621
AKKTT,2622
KKQTT,2623
KKJTT,2624
KKTT9,2625
KKTT8,2626
KKTT7,2627
KKTT6,2628
KKTT5,2629
KKTT4,2630
KKTT3,2631
KKTT2,2632
AKK99,2633
KKQ99,2634
KKJ99,2635
KKT99,2636
KK998,2637
KK997,2638
KK996,2639
KK995,2640
KK994,2641
KK993,2642
KK992,2643
AKK88,2644
KKQ88,2645
KKJ88,2646
KKT88,2647
KK988,2648
KK887,2649
KK886,2650
KK885,2651
KK884,2652
KK883,2653
KK882,2654
AKK77,2655
KKQ77,2656
KKJ77,2657
KKT77,2658
KK977,2659
KK877,2660
KK776,2661
KK775,2662
KK774,2663
KK773,2664
KK772,2665
AKK66,2666
KKQ66,2667
KKJ66,2668
KKT66,2669
KK966,2670
KK866,2671
KK766,2672
KK665,2673
KK664,2674
KK663,2675
KK662,2676
AKK55,2677
KKQ55,2678
KKJ55,2679
KKT55,2680
KK955,2681
KK855,2682
KK755,2683
KK655,2684
KK554,2685
KK553,2686
KK552,2687
AKK44,2688
KKQ44,2689
KKJ44,2690
KKT44,2691
KK944,2692
KK844,2693
KK744,2694
KK644,2695
KK544,2696
KK443,2697
KK442,2698
AKK33,2699
KKQ33,2700
KKJ33,2701
KKT33,2702
KK933,2703
KK833,2704
KK733,2705
KK633,2706
KK533,2707
KK433,2708
KK332,2709
AKK22,2710
KKQ22,2711
KKJ22,2712
KKT22,2713
KK922,2714
KK822,2715
KK722,2716
KK622,2717
KK522,2718
KK422,2719
KK322,2720
AQQJJ,2721
KQQJJ,2722
QQJJT,2723
QQJJ9,2724
QQJJ8,2725
QQJJ7,2726
QQJJ6,2727
QQJJ5,2728
QQJJ4,2729
QQJJ3,2730
QQJJ2,2731
AQQTT,2732
KQQTT,2733
QQJTT,2734
QQTT9,2735
QQTT8,2736
QQTT7,2737
QQTT6,2738
QQTT5,2739
QQTT4,2740
QQTT3,2741
QQTT2,2742
AQQ99,2743
KQQ99,2744
QQJ99,2745
QQT99,2746
QQ998,2747
QQ997,2748
QQ996,2749
QQ995,2750
QQ994,2751
QQ993,2752
QQ992,2753
AQQ88,2754
KQQ88,2755
QQJ88,2756
QQT88,2757
QQ988,2758
QQ887,2759
QQ886,2760
QQ885,2761
QQ884,2762
QQ883,2763
QQ882,2764
AQQ77,2765
KQQ77,2766
QQJ77,2767
QQT77,2768
QQ977,2769
QQ877,2770
QQ776,2771
QQ775,2772
QQ774,2773
QQ773,2774
QQ772,2775
AQQ66,2776
KQQ66,2777
QQJ66,2778
QQT66,2779
QQ966,2780
QQ866,2781
QQ766,2782
QQ665,2783
QQ664,2784
QQ663,2785
QQ662,2786
AQQ55,2787
KQQ55,2788
QQJ55,2789
QQT55,2790
QQ955,2791
QQ855,2792
QQ755,2793
QQ655,2794
QQ554,2795
QQ553,2796
QQ552,2797
AQQ44,2798
KQQ44,2799
QQJ44,2800
QQT44,2801
QQ944,2802
QQ844,2803
QQ744,2804
QQ644,2805
QQ544,2806
QQ443,2807
QQ442,2808
AQQ33,2809
KQQ33,2810
QQJ33,2811
QQT33,2812
QQ933,2813
QQ833,2814
QQ733,2815
QQ633,2816
QQ533,2817
QQ433,2818
QQ332,2819
AQQ22,2820
KQQ22,2821
QQJ22,2822
QQT22,2823
QQ922,2824
QQ822,2825
QQ722,2826
QQ622,2827
QQ522,2828
QQ422,2829
QQ322,2830
AJJTT,2831
KJJTT,2832
QJJTT,2833
JJTT9,2834
JJTT8,2835
JJTT7,2836
JJTT6,2837
JJTT5,2838
JJTT4,2839
JJTT3,2840
JJTT2,2841
AJJ99,2842
KJJ99,2843
QJJ99,2844
JJT99,2845
JJ998,2846
JJ997,2847
JJ996,2848
JJ995,2849
JJ994,2850
JJ993,2851
JJ992,2852
AJJ88,2853
KJJ88,2854
QJJ88,2855
JJT88,2856
JJ988,2857
JJ887,2858
JJ886,2859
JJ885,2860
JJ884,2861
JJ883,2862
JJ882,2863
AJJ77,2864
KJJ77,2865
QJJ77,2866
JJT77,2867
JJ977,2868
JJ877,2869
JJ776,2870
JJ775,2871
JJ774,2872
JJ773,2873
JJ772,2874
AJJ66,2875
KJJ66,2876
QJJ66,2877
JJT66,2878
JJ966,2879
JJ866,2880
JJ766,2881
JJ665,2882
JJ664,2883
JJ663,2884
JJ662,2885
AJJ55,2886
KJJ55,2887
QJJ55,2888
JJT55,2889
JJ955,2890
JJ855,2891
JJ755,2892
JJ655,2893
JJ554,2894
JJ553,2895
JJ552,2896
AJJ44,2897
KJJ44,2898
QJJ44,2899
JJT44,2900
JJ944,2901
JJ844,2902
JJ744,2903
JJ644,2904
JJ544,2905
JJ443,2906
JJ442,2907
AJJ33,2908
KJJ33,2909
QJJ33,2910
JJT33,2911
JJ933,2912
JJ833,2913
JJ733,2914
JJ633,2915
JJ533,2916
JJ433,2917
JJ332,2918
AJJ22,2919
KJJ22,2920
QJJ22,2921
JJT22,2922
JJ922,2923
JJ822,2924
JJ722,2925
JJ622,2926
JJ522,2927
JJ422,2928
JJ322,2929
ATT99,2930
KTT99,2931
QTT99,2932
JTT99,2933
TT998,2934
TT997,2935
TT996,2936
TT995,2937
TT994,2938
TT993,2939
TT992,2940
ATT88,2941
KTT88,2942
QTT88,2943
JTT88,2944
TT988,2945
TT887,2946
TT886,2947
TT885,2948
TT884,2949
TT883,2950
TT882,2951
ATT77,2952
KTT77,2953
QTT77,2954
JTT77,2955
TT977,2956
TT877,2957
TT776,2958
TT775,2959
TT774,2960
TT773,2961
TT772,2962
ATT66,2963
KTT66,2964
QTT66,2965
JTT66,2966
TT966,2967
TT866,2968
TT766,2969
TT665,2970
TT664,2971
TT663,2972
TT662,2973
ATT55,2974
KTT55,2975
QTT55,2976
JTT55,2977
TT955,2978
TT855,2979
TT755,2980
TT655,2981
TT554,2982
TT553,2983
TT552,2984
ATT44,2985
KTT44,2986
QTT44,2987
JTT44,2988
TT944,2989
TT844,2990
TT744,2991
TT644,2992
TT544,2993
TT443,2994
TT442,2995
ATT33,2996
KTT33,2997
QTT33,2998
JTT33,2999
TT933,3000
TT833,3001
TT733,3002
TT633,3003
TT533,3004
TT433,3005
TT332,3006
ATT22,3007
KTT22,3008
QTT22,3009
JTT22,3010
TT922,3011
TT822,3012
TT722,3013
TT622,3014
TT522,3015
TT422,3016
TT322,3017
A9988,3018
K9988,3019
Q9988,3020
J9988,3021
T9988,3022
99887,3023
99886,3024
99885,3025
99884,3026
99883,3027
99882,3028
A9977,3029
K9977,3030
Q9977,3031
J9977,3032
T9977,3033
99877,3034
99776,3035
99775,3036
99774,3037
99773,3038
99772,3039
A9966,3040
K9966,3041
Q9966,3042
J9966,3043
T9966,3044
99866,3045
99766,3046
99665,3047
99664,3048
99663,3049
99662,3050
A9955,3051
K9955,3052
Q9955,3053
J9955,3054
T9955,3055
99855,3056
99755,3057
99655,3058
99554,3059
99553,3060
99552,3061
A9944,3062
K9944,3063
Q9944,3064
J9944,3065
T9944,3066
99844,3067
99744,3068
99644,3069
99544,3070
99443,3071
99442,3072
A9933,3073
K9933,3074
Q9933,3075
J9933,3076
T9933,3077
99833,3078
99733,3079
99633,3080
99533,3081
99433,3082
99332,3083
A9922,3084
K9922,3085
Q9922,3086
J9922,3087
T9922,3088
99822,3089
99722,3090
99622,3091
99522,3092
99422,3093
99322,3094
A8877,3095
K8877,3096
Q8877,3097
J8877,3098
T8877,3099
98877,3100
88776,3101
88775,3102
88774,3103
88773,3104
88772,3105
A8866,3106
K8866,3107
Q8866,3108
J8866,3109
T8866,3110
98866,3111
88766,3112
88665,3113
88664,3114
88663,3115
88662,3116
A8855,3117
K8855,3118
Q8855,3119
J8855,3120
T8855,3121
98855,3122
88755,3123
88655,3124
88554,3125
88553,3126
88552,3127
A8844,3128
K8844,3129
Q8844,3130
J8844,3131
T8844,3132
98844,3133
88744,3134
88644,3135
88544,3136
88443,3137
88442,3138
A8833,3139
K8833,3140
Q8833,3141
J8833,3142
T8833,3143
98833,3144
88733,3145
88633,3146
88533,3147
88433,3148
88332,3149
A8822,3150
K8822,3151
Q8822,3152
J8822,3153
T8822,3154
98822,3155
88722,3156
88622,3157
88522,3158
88422,3159
88322,3160
A7766,3161
K7766,3162
Q7766,3163
J7766,3164
T7766,3165
97766,3166
87766,3167
77665,3168
77664,3169
77663,3170
77662,3171
A7755,3172
K7755,3173
Q7755,3174
J7755,3175
T7755,3176
97755,3177
87755,3178
77655,3179
77554,3180
77553,3181
77552,3182
A7744,3183
K7744,3184
Q7744,3185
J7744,3186
T7744,3187
97744,3188
87744,3189
77644,3190
77544,3191
77443,3192
77442,3193
A7733,3194
K7733,3195
Q7733,3196
J7733,3197
T7733,3198
97733,3199
87733,3200
77633,3201
77533,3202
77433,3203
77332,3204
A7722,3205
K7722,3206
Q7722,3207
J7722,3208
T7722,3209
97722,3210
87722,3211
77622,3212
77522,3213
77422,3214
77322,3215
A6655,3216
K6655,3217
Q6655,3218
J6655,3219
T6655,3220
96655,3221
86655,3222
76655,3223
66554,3224
66553,3225
66552,3226
A6644,3227
K6644,3228
Q6644,3229
J6644,3230
T6644,3231
96644,3232
86644,3233
76644,3234
66544,3235
66443,3236
66442,3237
A6633,3238
K6633,3239
Q6633,3240
J6633,3241
T6633,3242
96633,3243
86633,3244
76633,3245
66533,3246
66433,3247
66332,3248
A6622,3249
K6622,3250
Q6622,3251
J6622,3252
T6622,3253
96622,3254
86622,3255
76622,3256
66522,3257
66422,3258
66322,3259
A5544,3260
K5544,3261
Q5544,3262
J5544,3263
T5544,3264
95544,3265
85544,3266
75544,3267
65544,3268
55443,3269
55442,3270
A5533,3271
K5533,3272
Q5533,3273
J5533,3274
T5533,3275
95533,3276
85533,3277
75533,3278
65533,3279
55433,3280
55332,3281
A5522,3282
K5522,3283
Q5522,3284
J5522,3285
T5522,3286
95522,3287
85522,3288
75522,3289
65522,3290
55422,3291
55322,3292
A4433,3293
K4433,3294
Q4433,3295
J4433,3296
T4433,3297
94433,3298
84433,3299
74433,3300
64433,3301
54433,3302
44332,3303
A4422,3304
K4422,3305
Q4422,3306
J4422,3307
T4422,3308
94422,3309
84422,3310
74422,3311
64422,3312
54422,3313
44322,3314
A3322,3315
K3322,3316
Q3322,3317
J3322,3318
T3322,3319
93322,3320
83322,3321
73322,3322
63322,3323
53322,3324
43322,3325
AAKQJ,3326
AAKQT,3327
AAKQ9,3328
AAKQ8,3329
AAKQ7,3330
AAKQ6,3331
AAKQ5,3332
AAKQ4,3333
AAKQ3,3334
AAKQ2,3335
AAKJT,3336
AAKJ9,3337
AAKJ8,3338
AAKJ7,3339
AAKJ6,3340
AAKJ5,3341
AAKJ4,3342
AAKJ3,3343
AAKJ2,3344
AAKT9,3345
AAKT8,3346
AAKT7,3347
AAKT6,3348
AAKT5,3349
AAKT4,3350
AAKT3,3351
AAKT2,3352
AAK98,3353
AAK97,3354
AAK96,3355
AAK95,3356
AAK94,3357
AAK93,3358
AAK92,3359
AAK87,3360
AAK86,3361
AAK85,3362
AAK84,3363
AAK83,3364
AAK82,3365
AAK76,3366
AAK75,3367
AAK74,3368
AAK73,3369
AAK72,3370
AAK65,3371
AAK64,3372
AAK63,3373
AAK62,3374
AAK54,3375
AAK53,3376
AAK52,3377
AAK43,3378
AAK42,3379
AAK32,3380
AAQJT,3381
AAQJ9,3382
AAQJ8,3383
AAQJ7,3384
AAQJ6,3385
AAQJ5,3386
AAQJ4,3387
AAQJ3,3388
AAQJ2,3389
AAQT9,3390
AAQT8,3391
AAQT7,3392
AAQT6,3393
AAQT5,3394
AAQT4,3395
AAQT3,3396
AAQT2,3397
AAQ98,3398
AAQ97,3399
AAQ96,3400
AAQ95,3401
AAQ94,3402
AAQ93,3403
AAQ92,3404
AAQ87,3405
AAQ86,3406
AAQ85,3407
AAQ84,3408
AAQ83,3409
AAQ82,3410
AAQ76,3411
AAQ75,3412
AAQ74,3413
AAQ73,3414
AAQ72,3415
AAQ65,3416
AAQ64,3417
AAQ63,3418
AAQ62,3419
AAQ54,3420
AAQ53,3421
AAQ52,3422
AAQ43,3423
AAQ42,3424
AAQ32,3425
AAJT9,3426
AAJT8,3427
AAJT7,3428
AAJT6,3429
AAJT5,3430
AAJT4,3431
AAJT3,3432
AAJT2,3433
AAJ98,3434
AAJ97,3435
AAJ96,3436
AAJ95,3437
AAJ94,3438
AAJ93,3439
AAJ92,3440
AAJ87,3441
AAJ86,3442
AAJ85,3443
AAJ84,3444
AAJ83,3445
AAJ82,3446
AAJ76,3447
AAJ75,3448
AAJ74,3449
AAJ73,3450
AAJ72,3451
AAJ65,3452
AAJ64,3453
AAJ63,3454
AAJ62,3455
AAJ54,3456
AAJ53,3457
AAJ52,3458
AAJ43,3459
AAJ42,3460
AAJ32,3461
AAT98,3462
AAT97,3463
AAT96,3464
AAT95,3465
AAT94,3466
AAT93,3467
AAT92,3468
AAT87,3469
AAT86,3470
AAT85,3471
AAT84,3472
AAT83,3473
AAT82,3474
AAT76,3475
AAT75,3476
AAT74,3477
AAT73,3478
AAT72,3479
AAT65,3480
AAT64,3481
AAT63,3482
AAT62,3483
AAT54,3484
AAT53,3485
AAT52,3486
AAT43,3487
AAT42,3488
AAT32,3489
AA987,3490
AA986,3491
AA985,3492
AA984,3493
AA983,3494
AA982,3495
AA976,3496
AA975,3497
AA974,3498
AA973,3499
AA972,3500
AA965,3501
AA964,3502
AA963,3503
AA962,3504
AA954,3505
AA953,3506
AA952,3507
AA943,3508
AA942,3509
AA932,3510
AA876,3511
AA875,3512
AA874,3513
AA873,3514
AA872,3515
AA865,3516
AA864,3517
AA863,3518
AA862,3519
AA854,3520
AA853,3521
AA852,3522
AA843,3523
AA842,3524
AA832,3525
AA765,3526
AA764,3527
AA763,3528
AA762,3529
AA754,3530
AA753,3531
AA752,3532
AA743,3533
AA742,3534
AA732,3535
AA654,3536
AA653,3537
AA652,3538
AA643,3539
AA642,3540
AA632,3541
AA543,3542
AA542,3543
AA532,3544
AA432,3545
AKKQJ,3546
AKKQT,3547
AKKQ9,3548
AKKQ8,3549
AKKQ7,3550
AKKQ6,3551
AKKQ5,3552
AKKQ4,3553
AKKQ3,3554
AKKQ2,3555
AKKJT,3556
AKKJ9,3557
AKKJ8,3558
AKKJ7,3559
AKKJ6,3560
AKKJ5,3561
AKKJ4,3562
AKKJ3,3563
AKKJ2,3564
AKKT9,3565
AKKT8,3566
AKKT7,3567
AKKT6,3568
AKKT5,3569
AKKT4,3570
AKKT3,3571
AKKT2,3572
AKK98,3573
AKK97,3574
AKK96,3575
AKK95,3576
AKK94,3577
AKK93,3578
AKK92,3579
AKK87,3580
AKK86,3581
AKK85,3582
AKK84,3583
AKK83,3584
AKK82,3585
AKK76,3586
AKK75,3587
AKK74,3588
AKK73,3589
AKK72,3590
AKK65,3591
AKK64,3592
AKK63,3593
AKK62,3594
AKK54,3595
AKK53,3596
AKK52,3597
AKK43,3598
AKK42,3599
AKK32,3600
KKQJT,3601
KKQJ9,3602
KKQJ8,3603
KKQJ7,3604
KKQJ6,3605
KKQJ5,3606
KKQJ4,3607
KKQJ3,3608
KKQJ2,3609
KKQT9,3610
KKQT8,3611
KKQT7,3612
KKQT6,3613
KKQT5,3614
KKQT4,3615
KKQT3,3616
KKQT2,3617
KKQ98,3618
KKQ97,3619
KKQ96,3620
KKQ95,3621
KKQ94,3622
KKQ93,3623
KKQ92,3624
KKQ87,3625
KKQ86,3626
KKQ85,3627
KKQ84,3628
KKQ83,3629
KKQ82,3630
KKQ76,3631
KKQ75,3632
KKQ74,3633
KKQ73,3634
KKQ72,3635
KKQ65,3636
KKQ64,3637
KKQ63,3638
KKQ62,3639
KKQ54,3640
KKQ53,3641
KKQ52,3642
KKQ43,3643
KKQ42,3644
KKQ32,3645
KKJT9,3646
KKJT8,3647
KKJT7,3648
KKJT6,3649
KKJT5,3650
KKJT4,3651
KKJT3,3652
KKJT2,3653
KKJ98,3654
KKJ97,3655
KKJ96,3656
KKJ95,3657
KKJ94,3658
KKJ93,3659
KKJ92,3660
KKJ87,3661
KKJ86,3662
KKJ85,3663
KKJ84,3664
KKJ83,3665
KKJ82,3666
KKJ76,3667
KKJ75,3668
KKJ74,3669
KKJ73,3670
KKJ72,3671
KKJ65,3672
KKJ64,3673
KKJ63,3674
KKJ62,3675
KKJ54,3676
KKJ53,3677
KKJ52,3678
KKJ43,3679
KKJ42,3680
KKJ32,3681
KKT98,3682
KKT97,3683
KKT96,3684
KKT95,3685
KKT94,3686
KKT93,3687
KKT92,3688
KKT87,3689
KKT86,3690
KKT85,3691
KKT84,3692
KKT83,3693
KKT82,3694
KKT76,3695
KKT75,3696
KKT74,3697
KKT73,3698
KKT72,3699
KKT65,3700
KKT64,3701
KKT63,3702
KKT62,3703
KKT54,3704
KKT53,3705
KKT52,3706
KKT43,3707
KKT42,3708
KKT32,3709
KK987,3710
KK986,3711
KK985,3712
KK984,3713
KK983,3714
KK982,3715
KK976,3716
KK975,3717
KK974,3718
KK973,3719
KK972,3720
KK965,3721
KK964,3722
KK963,3723
KK962,3724
KK954,3725
KK953,3726
KK952,3727
KK943,3728
KK942,3729
KK932,3730
KK876,3731
KK875,3732
KK874,3733
KK873,3734
KK872,3735
KK865,3736
KK864,3737
KK863,3738
KK862,3739
KK854,3740
KK853,3741
KK852,3742
KK843,3743
KK842,3744
KK832,3745
KK765,3746
KK764,3747
KK763,3748
KK762,3749
KK754,3750
KK753,3751
KK752,3752
KK743,3753
KK742,3754
KK732,3755
KK654,3756
KK653,3757
KK652,3758
KK643,3759
KK642,3760
KK632,3761
KK543,3762
KK542,3763
KK532,3764
KK432,3765
AKQQJ,3766
AKQQT,3767
AKQQ9,3768
AKQQ8,3769
AKQQ7,3770
AKQQ6,3771
AKQQ5,3772
AKQQ4,3773
AKQQ3,3774
AKQQ2,3775
AQQJT,3776
AQQJ9,3777
AQQJ8,3778
AQQJ7,3779
AQQJ6,3780
AQQJ5,3781
AQQJ4,3782
AQQJ3,3783
AQQJ2,3784
AQQT9,3785
AQQT8,3786
AQQT7,3787
AQQT6,3788
AQQT5,3789
AQQT4,3790
AQQT3,3791
AQQT2,3792
AQQ98,3793
AQQ97,3794
AQQ96,3795
AQQ95,3796
AQQ94,3797
AQQ93,3798
AQQ92,3799
AQQ87,3800
AQQ86,3801
AQQ85,3802
AQQ84,3803
AQQ83,3804
AQQ82,3805
AQQ76,3806
AQQ75,3807
AQQ74,3808
AQQ73,3809
AQQ72,3810
AQQ65,3811
AQQ64,3812
AQQ63,3813
AQQ62,3814
AQQ54,3815
AQQ53,3816
AQQ52,3817
AQQ43,3818
AQQ42,3819
AQQ32,3820
KQQJT,3821
KQQJ9,3822
KQQJ8,3823
KQQJ7,3824
KQQJ6,3825
KQQJ5,3826
KQQJ4,3827
KQQJ3,3828
KQQJ2,3829
KQQT9,3830
KQQT8,3831
KQQT7,3832
KQQT6,3833
KQQT5,3834
KQQT4,3835
KQQT3,3836
KQQT2,3837
KQQ98,3838
KQQ97,3839
KQQ96,3840
KQQ95,3841
KQQ94,3842
KQQ93,3843
KQQ92,3844
KQQ87,3845
KQQ86,3846
KQQ85,3847
KQQ84,3848
KQQ83,3849
KQQ82,3850
KQQ76,3851
KQQ75,3852
KQQ74,3853
KQQ73,3854
KQQ72,3855
KQQ65,3856
KQQ64,3857
KQQ63,3858
KQQ62,3859
KQQ54,3860
KQQ53,3861
KQQ52,3862
KQQ43,3863
KQQ42,3864
KQQ32,3865
QQJT9,3866
QQJT8,3867
QQJT7,3868
QQJT6,3869
QQJT5,3870
QQJT4,3871
QQJT3,3872
QQJT2,3873
QQJ98,3874
QQJ97,3875
QQJ96,3876
QQJ95,3877
QQJ94,3878
QQJ93,3879
QQJ92,3880
QQJ87,3881
QQJ86,3882
QQJ85,3883
QQJ84,3884
QQJ83,3885
QQJ82,3886
QQJ76,3887
QQJ75,3888
QQJ74,3889
QQJ73,3890
QQJ72,3891
QQJ65,3892
QQJ64,3893
QQJ63,3894
QQJ62,3895
QQJ54,3896
QQJ53,3897
QQJ52,3898
QQJ43,3899
QQJ42,3900
QQJ32,3901
QQT98,3902
QQT97,3903
QQT96,3904
QQT95,3905
QQT94,3906
QQT93,3907
QQT92,3908
QQT87,3909
QQT86,3910
QQT85,3911
QQT84,3912
QQT83,3913
QQT82,3914
QQT76,3915
QQT75,3916
QQT74,3917
QQT73,3918
QQT72,3919
QQT65,3920
QQT64,3921
QQT63,3922
QQT62,3923
QQT54,3924
QQT53,3925
QQT52,3926
QQT43,3927
QQT42,3928
QQT32,3929
QQ987,3930
QQ986,3931
QQ985,3932
QQ984,3933
QQ983,3934
QQ982,3935
QQ976,3936
QQ975,3937
QQ974,3938
QQ973,3939
QQ972,3940
QQ965,3941
QQ964,3942
QQ963,3943
QQ962,3944
QQ954,3945
QQ953,3946
QQ952,3947
QQ943,3948
QQ942,3949
QQ932,3950
QQ876,3951
QQ875,3952
QQ874,3953
QQ873,3954
QQ872,3955
QQ865,3956
QQ864,3957
QQ863,3958
QQ862,3959
QQ854,3960
QQ853,3961
QQ852,3962
QQ843,3963
QQ842,3964
QQ832,3965
QQ765,3966
QQ764,3967
QQ763,3968
QQ762,3969
QQ754,3970
QQ753,3971
QQ752,3972
QQ743,3973
QQ742,3974
QQ732,3975
QQ654,3976
QQ653,3977
QQ652,3978
QQ643,3979
QQ642,3980
QQ632,3981
QQ543,3982
QQ542,3983
QQ532,3984
QQ432,3985
AKQJJ,3986
AKJJT,3987
AKJJ9,3988
AKJJ8,3989
AKJJ7,3990
AKJJ6,3991
AKJJ5,3992
AKJJ4,3993
AKJJ3,3994
AKJJ2,3995
AQJJT,3996
AQJJ9,3997
AQJJ8,3998
AQJJ7,3999
AQJJ6,4000
AQJJ5,4001
AQJJ4,4002
AQJJ3,4003
AQJJ2,4004
AJJT9,4005
AJJT8,4006
AJJT7,4007
AJJT6,4008
AJJT5,4009
AJJT4,4010
AJJT3,4011
AJJT2,4012
AJJ98,4013
AJJ97,4014
AJJ96,4015
AJJ95,4016
AJJ94,4017
AJJ93,4018
AJJ92,4019
AJJ87,4020
AJJ86,4021
AJJ85,4022
AJJ84,4023
AJJ83,4024
AJJ82,4025
AJJ76,4026
AJJ75,4027
AJJ74,4028
AJJ73,4029
AJJ72,4030
AJJ65,4031
AJJ64,4032
AJJ63,4033
AJJ62,4034
AJJ54,4035
AJJ53,4036
AJJ52,4037
AJJ43,4038
AJJ42,4039
AJJ32,4040
KQJJT,4041
KQJJ9,4042
KQJJ8,4043
KQJJ7,4044
KQJJ6,4045
KQJJ5,4046
KQJJ4,4047
KQJJ3,4048
KQJJ2,4049
KJJT9,4050
KJJT8,4051
KJJT7,4052
KJJT6,4053
KJJT5,4054
KJJT4,4055
KJJT3,4056
KJJT2,4057
KJJ98,4058
KJJ97,4059
KJJ96,4060
KJJ95,4061
KJJ94,4062
KJJ93,4063
KJJ92,4064
KJJ87,4065
KJJ86,4066
KJJ85,4067
KJJ84,4068
KJJ83,4069
KJJ82,4070
KJJ76,4071
KJJ75,4072
KJJ74,4073
KJJ73,4074
KJJ72,4075
KJJ65,4076
KJJ64,4077
KJJ63,4078
KJJ62,4079
KJJ54,4080
KJJ53,4081
KJJ52,4082
KJJ43,4083
KJJ42,4084
KJJ32,4085
QJJT9,4086
QJJT8,4087
QJJT7,4088
QJJT6,4089
QJJT5,4090
QJJT4,4091
QJJT3,4092
QJJT2,4093
QJJ98,4094
QJJ97,4095
QJJ96,4096
QJJ95,4097
QJJ94,4098
QJJ93,4099
QJJ92,4100
QJJ87,4101
QJJ86,4102
QJJ85,4103
QJJ84,4104
QJJ83,4105
QJJ82,4106
QJJ76,4107
QJJ75,4108
QJJ74,4109
QJJ73,4110
QJJ72,4111
QJJ65,4112
QJJ64,4113
QJJ63,4114
QJJ62,4115
QJJ54,4116
QJJ53,4117
QJJ52,4118
QJJ43,4119
QJJ42,4120
QJJ32,4121
JJT98,4122
JJT97,4123
JJT96,4124
JJT95,4125
JJT94,4126
JJT93,4127
JJT92,4128
JJT87,4129
JJT86,4130
JJT85,4131
JJT84,4132
JJT83,4133
JJT82,4134
JJT76,4135
JJT75,4136
JJT74,4137
JJT73,4138
JJT72,4139
JJT65,4140
JJT64,4141
JJT63,4142
JJT62,4143
JJT54,4144
JJT53,4145
JJT52,4146
JJT43,4147
JJT42,4148
JJT32,4149
JJ987,4150
JJ986,4151
JJ985,4152
JJ984,4153
JJ983,4154
JJ982,4155
JJ976,4156
JJ975,4157
JJ974,4158
JJ973,4159
JJ972,4160
JJ965,4161
JJ964,4162
JJ963,4163
JJ962,4164
JJ954,4165
JJ953,4166
JJ952,4167
JJ943,4168
JJ942,4169
JJ932,4170
JJ876,4171
JJ875,4172
JJ874,4173
JJ873,4174
JJ872,4175
JJ865,4176
JJ864,4177
JJ863,4178
JJ862,4179
JJ854,4180
JJ853,4181
JJ852,4182
JJ843,4183
JJ842,4184
JJ832,4185
JJ765,4186
JJ764,4187
JJ763,4188
JJ762,4189
JJ754,4190
JJ753,4191
JJ752,4192
JJ743,4193
JJ742,4194
JJ732,4195
JJ654,4196
JJ653,4197
JJ652,4198
JJ643,4199
JJ642,4200
JJ632,4201
JJ543,4202
JJ542,4203
JJ532,4204
JJ432,4205
AKQTT,4206
AKJTT,4207
AKTT9,4208
AKTT8,4209
AKTT7,4210
AKTT6,4211
AKTT5,4212
AKTT4,4213
AKTT3,4214
AKTT2,4215
AQJTT,4216
AQTT9,4217
AQTT8,4218
AQTT7,4219
AQTT6,4220
AQTT5,4221
AQTT4,4222
AQTT3,4223
AQTT2,4224
AJTT9,4225
AJTT8,4226
AJTT7,4227
AJTT6,4228
AJTT5,4229
AJTT4,4230
AJTT3,4231
AJTT2,4232
ATT98,4233
ATT97,4234
ATT96,4235
ATT95,4236
ATT94,4237
ATT93,4238
ATT92,4239
ATT87,4240
ATT86,4241
ATT85,4242
ATT84,4243
ATT83,4244
ATT82,4245
ATT76,4246
ATT75,4247
ATT74,4248
ATT73,4249
ATT72,4250
ATT65,4251
ATT64,4252
ATT63,4253
ATT62,4254
ATT54,4255
ATT53,4256
ATT52,4257
ATT43,4258
ATT42,4259
ATT32,4260
KQJTT,4261
KQTT9,4262
KQTT8,4263
KQTT7,4264
KQTT6,4265
KQTT5,4266
KQTT4,4267
KQTT3,4268
KQTT2,4269
KJTT9,4270
KJTT8,4271
KJTT7,4272
KJTT6,4273
KJTT5,4274
KJTT4,4275
KJTT3,4276
KJTT2,4277
KTT98,4278
KTT97,4279
KTT96,4280
KTT95,4281
KTT94,4282
KTT93,4283
KTT92,4284
KTT87,4285
KTT86,4286
KTT85,4287
KTT84,4288
KTT83,4289
KTT82,4290
KTT76,4291
KTT75,4292
KTT74,4293
KTT73,4294
KTT72,4295
KTT65,4296
KTT64,4297
KTT63,4298
KTT62,4299
KTT54,4300
KTT53,4301
KTT52,4302
KTT43,4303
KTT42,4304
KTT32,4305
QJTT9,4306
QJTT8,4307
QJTT7,4308
QJTT6,4309
QJTT5,4310
QJTT4,4311
QJTT3,4312
QJTT2,4313
QTT98,4314
QTT97,4315
QTT96,4316
QTT95,4317
QTT94,4318
QTT93,4319
QTT92,4320
QTT87,4321
QTT86,4322
QTT85,4323
QTT84,4324
QTT83,4325
QTT82,4326
QTT76,4327
QTT75,4328
QTT74,4329
QTT73,4330
QTT72,4331
QTT65,4332
QTT64,4333
QTT63,4334
QTT62,4335
QTT54,4336
QTT53,4337
QTT52,4338
QTT43,4339
QTT42,4340
QTT32,4341
JTT98,4342
JTT97,4343
JTT96,4344
JTT95,4345
JTT94,4346
JTT93,4347
JTT92,4348
JTT87,4349
JTT86,4350
JTT85,4351
JTT84,4352
JTT83,4353
JTT82,4354
JTT76,4355
JTT75,4356
JTT74,4357
JTT73,4358
JTT72,4359
JTT65,4360
JTT64,4361
JTT63,4362
JTT62,4363
JTT54,4364
JTT53,4365
JTT52,4366
JTT43,4367
JTT42,4368
JTT32,4369
TT987,4370
TT986,4371
TT985,4372
TT984,4373
TT983,4374
TT982,4375
TT976,4376
TT975,4377
TT974,4378
TT973,4379
TT972,4380
TT965,4381
TT964,4382
TT963,4383
TT962,4384
TT954,4385
TT953,4386
TT952,4387
TT943,4388
TT942,4389
TT932,4390
TT876,4391
TT875,4392
TT874,4393
TT873,4394
TT872,4395
TT865,4396
TT864,4397
TT863,4398
TT862,4399
TT854,4400
TT853,4401
TT852,4402
TT843,4403
TT842,4404
TT832,4405
TT765,4406
TT764,4407
TT763,4408
TT762,4409
TT754,4410
TT753,4411
TT752,4412
TT743,4413
TT742,4414
TT732,4415
TT654,4416
TT653,4417
TT652,4418
TT643,4419
TT642,4420
TT632,4421
TT543,4422
TT542,4423
TT532,4424
TT432,4425
AKQ99,4426
AKJ99,4427
AKT99,4428
AK998,4429
AK997,4430
AK996,4431
AK995,4432
AK994,4433
AK993,4434
AK992,4435
AQJ99,4436
AQT99,4437
AQ998,4438
AQ997,4439
AQ996,4440
AQ995,4441
AQ994,4442
AQ993,4443
AQ992,4444
AJT99,4445
AJ998,4446
AJ997,4447
AJ996,4448
AJ995,4449
AJ994,4450
AJ993,4451
AJ992,4452
AT998,4453
AT997,4454
AT996,4455
AT995,4456
AT994,4457
AT993,4458
AT992,4459
A9987,4460
A9986,4461
A9985,4462
A9984,4463
A9983,4464
A9982,4465
A9976,4466
A9975,4467
A9974,4468
A9973,4469
A9972,4470
A9965,4471
A9964,4472
A9963,4473
A9962,4474
A9954,4475
A9953,4476
A9952,4477
A9943,4478
A9942,4479
A9932,4480
KQJ99,4481
KQT99,4482
KQ998,4483
KQ997,4484
KQ996,4485
KQ995,4486
KQ994,4487
KQ993,4488
KQ992,4489
KJT99,4490
KJ998,4491
KJ997,4492
KJ996,4493
KJ995,4494
KJ994,4495
KJ993,4496
KJ992,4497
KT998,4498
KT997,4499
KT996,4500
KT995,4501
KT994,4502
KT993,4503
KT992,4504
K9987,4505
K9986,4506
K9985,4507
K9984,4508
K9983,4509
K9982,4510
K9976,4511
K9975,4512
K9974,4513
K9973,4514
K9972,4515
K9965,4516
K9964,4517
K9963,4518
K9962,4519
K9954,4520
K9953,4521
K9952,4522
K9943,4523
K9942,4524
K9932,4525
QJT99,4526
QJ998,4527
QJ997,4528
QJ996,4529
QJ995,4530
QJ994,4531
QJ993,4532
QJ992,4533
QT998,4534
QT997,4535
QT996,4536
QT995,4537
QT994,4538
QT993,4539
QT992,4540
Q9987,4541
Q9986,4542
Q9985,4543
Q9984,4544
Q9983,4545
Q9982,4546
Q9976,4547
Q9975,4548
Q9974,4549
Q9973,4550
Q9972,4551
Q9965,4552
Q9964,4553
Q9963,4554
Q9962,4555
Q9954,4556
Q9953,4557
Q9952,4558
Q9943,4559
Q9942,4560
Q9932,4561
JT998,4562
JT997,4563
JT996,4564
JT995,4565
JT994,4566
JT993,4567
JT992,4568
J9987,4569
J9986,4570
J9985,4571
J9984,4572
J9983,4573
J9982,4574
J9976,4575
J9975,4576
J9974,4577
J9973,4578
J9972,4579
J9965,4580
J9964,4581
J9963,4582
J9962,4583
J9954,4584
J9953,4585
J9952,4586
J9943,4587
J9942,4588
J9932,4589
T9987,4590
T9986,4591
T9985,4592
T9984,4593
T9983,4594
T9982,4595
T9976,4596
T9975,4597
T9974,4598
T9973,4599
T9972,4600
T9965,4601
T9964,4602
T9963,4603
T9962,4604
T9954,4605
T9953,4606
T9952,4607
T9943,4608
T9942,4609
T9932,4610
99876,4611
99875,4612
99874,4613
99873,4614
99872,4615
99865,4616
99864,4617
99863,4618
99862,4619
99854,4620
99853,4621
99852,4622
99843,4623
99842,4624
99832,4625
99765,4626
99764,4627
99763,4628
99762,4629
99754,4630
99753,4631
99752,4632
99743,4633
99742,4634
99732,4635
99654,4636
99653,4637
99652,4638
99643,4639
99642,4640
99632,4641
99543,4642
99542,4643
99532,4644
99432,4645
AKQ88,4646
AKJ88,4647
AKT88,4648
AK988,4649
AK887,4650
AK886,4651
AK885,4652
AK884,4653
AK883,4654
AK882,4655
AQJ88,4656
AQT88,4657
AQ988,4658
AQ887,4659
AQ886,4660
AQ885,4661
AQ884,4662
AQ883,4663
AQ882,4664
AJT88,4665
AJ988,4666
AJ887,4667
AJ886,4668
AJ885,4669
AJ884,4670
AJ883,4671
AJ882,4672
AT988,4673
AT887,4674
AT886,4675
AT885,4676
AT884,4677
AT883,4678
AT882,4679
A9887,4680
A9886,4681
A9885,4682
A9884,4683
A9883,4684
A9882,4685
A8876,4686
A8875,4687
A8874,4688
A8873,4689
A8872,4690
A8865,4691
A8864,4692
A8863,4693
A8862,4694
A8854,4695
A8853,4696
A8852,4697
A8843,4698
A8842,4699
A8832,4700
KQJ88,4701
KQT88,4702
KQ988,4703
KQ887,4704
KQ886,4705
KQ885,4706
KQ884,4707
KQ883,4708
KQ882,4709
KJT88,4710
KJ988,4711
KJ887,4712
KJ886,4713
KJ885,4714
KJ884,4715
KJ883,4716
KJ882,4717
KT988,4718
KT887,4719
KT886,4720
KT885,4721
KT884,4722
KT883,4723
KT882,4724
K9887,4725
K9886,4726
K9885,4727
K9884,4728
K9883,4729
K9882,4730
K8876,4731
K8875,4732
K8874,4733
K8873,4734
K8872,4735
K8865,4736
K8864,4737
K8863,4738
K8862,4739
K8854,4740
K8853,4741
K8852,4742
K8843,4743
K8842,4744
K8832,4745
QJT88,4746
QJ988,4747
QJ887,4748
QJ886,4749
QJ885,4750
QJ884,4751
QJ883,4752
QJ882,4753
QT988,4754
QT887,4755
QT886,4756
QT885,4757
QT884,4758
QT883,4759
QT882,4760
Q9887,4761
Q9886,4762
Q9885,4763
Q9884,4764
Q9883,4765
Q9882,4766
Q8876,4767
Q8875,4768
Q8874,4769
Q8873,4770
Q8872,4771
Q8865,4772
Q8864,4773
Q8863,4774
Q8862,4775
Q8854,4776
Q8853,4777
Q8852,4778
Q8843,4779
Q8842,4780
Q8832,4781
JT988,4782
JT887,4783
JT886,4784
JT885,4785
JT884,4786
JT883,4787
JT882,4788
J9887,4789
J9886,4790
J9885,4791
J9884,4792
J9883,4793
J9882,4794
J8876,4795
J8875,4796
J8874,4797
J8873,4798
J8872,4799
J8865,4800
J8864,4801
J8863,4802
J8862,4803
J8854,4804
J8853,4805
J8852,4806
J8843,4807
J8842,4808
J8832,4809
T9887,4810
T9886,4811
T9885,4812
T9884,4813
T9883,4814
T9882,4815
T8876,4816
T8875,4817
T8874,4818
T8873,4819
T8872,4820
T8865,4821
T8864,4822
T8863,4823
T8862,4824
T8854,4825
T8853,4826
T8852,4827
T8843,4828
T8842,4829
T8832,4830
98876,4831
98875,4832
98874,4833
98873,4834
98872,4835
98865,4836
98864,4837
98863,4838
98862,4839
98854,4840
98853,4841
98852,4842
98843,4843
98842,4844
98832,4845
88765,4846
88764,4847
88763,4848
88762,4849
88754,4850
88753,4851
88752,4852
88743,4853
88742,4854
88732,4855
88654,4856
88653,4857
88652,4858
88643,4859
88642,4860
88632,4861
88543,4862
88542,4863
88532,4864
88432,4865
AKQ77,4866
AKJ77,4867
AKT77,4868
AK977,4869
AK877,4870
AK776,4871
AK775,4872
AK774,4873
AK773,4874
AK772,4875
AQJ77,4876
AQT77,4877
AQ977,4878
AQ877,4879
AQ776,4880
AQ775,4881
AQ774,4882
AQ773,4883
AQ772,4884
AJT77,4885
AJ977,4886
AJ877,4887
AJ776,4888
AJ775,4889
AJ774,4890
AJ773,4891
AJ772,4892
AT977,4893
AT877,4894
AT776,4895
AT775,4896
AT774,4897
AT773,4898
AT772,4899
A9877,4900
A9776,4901
A9775,4902
A9774,4903
A9773,4904
A9772,4905
A8776,4906
A8775,4907
A8774,4908
A8773,4909
A8772,4910
A7765,4911
A7764,4912
A7763,4913
A7762,4914
A7754,4915
A7753,4916
A7752,4917
A7743,4918
A7742,4919
A7732,4920
KQJ77,4921
KQT77,4922
KQ977,4923
KQ877,4924
KQ776,4925
KQ775,4926
KQ774,4927
KQ773,4928
KQ772,4929
KJT77,4930
KJ977,4931
KJ877,4932
KJ776,4933
KJ775,4934
KJ774,4935
KJ773,4936
KJ772,4937
KT977,4938
KT877,4939
KT776,4940
KT775,4941
KT774,4942
KT773,4943
KT772,4944
K9877,4945
K9776,4946
K9775,4947
K9774,4948
K9773,4949
K9772,4950
K8776,4951
K8775,4952
K8774,4953
K8773,4954
K8772,4955
K7765,4956
K7764,4957
K7763,4958
K7762,4959
K7754,4960
K7753,4961
K7752,4962
K7743,4963
K7742,4964
K7732,4965
QJT77,4966
QJ977,4967
QJ877,4968
QJ776,4969
QJ775,4970
QJ774,4971
QJ773,4972
QJ772,4973
QT977,4974
QT877,4975
QT776,4976
QT775,4977
QT774,4978
QT773,4979
QT772,4980
Q9877,4981
Q9776,4982
Q9775,4983
Q9774,4984
Q9773,4985
Q9772,4986
Q8776,4987
Q8775,4988
Q8774,4989
Q8773,4990
Q8772,4991
Q7765,4992
Q7764,4993
Q7763,4994
Q7762,4995
Q7754,4996
Q7753,4997
Q7752,4998
Q7743,4999
Q7742,5000
Q7732,5001
JT977,5002
JT877,5003
JT776,5004
JT775,5005
JT774,5006
JT773,5007
JT772,5008
J9877,5009
J9776,5010
J9775,5011
J9774,5012
J9773,5013
J9772,5014
J8776,5015
J8775,5016
J8774,5017
J8773,5018
J8772,5019
J7765,5020
J7764,5021
J7763,5022
J7762,5023
J7754,5024
J7753,5025
J7752,5026
J7743,5027
J7742,5028
J7732,5029
T9877,5030
T9776,5031
T9775,5032
T9774,5033
T9773,5034
T9772,5035
T8776,5036
T8775,5037
T8774,5038
T8773,5039
T8772,5040
T7765,5041
T7764,5042
T7763,5043
T7762,5044
T7754,5045
T7753,5046
T7752,5047
T7743,5048
T7742,5049
T7732,5050
98776,5051
98775,5052
98774,5053
98773,5054
98772,5055
97765,5056
97764,5057
97763,5058
97762,5059
97754,5060
97753,5061
97752,5062
97743,5063
97742,5064
97732,5065
87765,5066
87764,5067
87763,5068
87762,5069
87754,5070
87753,5071
87752,5072
87743,5073
87742,5074
87732,5075
77654,5076
77653,5077
77652,5078
77643,5079
77642,5080
77632,5081
77543,5082
77542,5083
77532,5084
77432,5085
AKQ66,5086
AKJ66,5087
AKT66,5088
AK966,5089
AK866,5090
AK766,5091
AK665,5092
AK664,5093
AK663,5094
AK662,5095
AQJ66,5096
AQT66,5097
AQ966,5098
AQ866,5099
AQ766,5100
AQ665,5101
AQ664,5102
AQ663,5103
AQ662,5104
AJT66,5105
AJ966,5106
AJ866,5107
AJ766,5108
AJ665,5109
AJ664,5110
AJ663,5111
AJ662,5112
AT966,5113
AT866,5114
AT766,5115
AT665,5116
AT664,5117
AT663,5118
AT662,5119
A9866,5120
A9766,5121
A9665,5122
A9664,5123
A9663,5124
A9662,5125
A8766,5126
A8665,5127
A8664,5128
A8663,5129
A8662,5130
A7665,5131
A7664,5132
A7663,5133
A7662,5134
A6654,5135
A6653,5136
A6652,5137
A6643,5138
A6642,5139
A6632,5140
KQJ66,5141
KQT66,5142
KQ966,5143
KQ866,5144
KQ766,5145
KQ665,5146
KQ664,5147
KQ663,5148
KQ662,5149
KJT66,5150
KJ966,5151
KJ866,5152
KJ766,5153
KJ665,5154
KJ664,5155
KJ663,5156
KJ662,5157
KT966,5158
KT866,5159
KT766,5160
KT665,5161
KT664,5162
KT663,5163
KT662,5164
K9866,5165
K9766,5166
K9665,5167
K9664,5168
K9663,5169
K9662,5170
K8766,5171
K8665,5172
K8664,5173
K8663,5174
K8662,5175
K7665,5176
K7664,5177
K7663,5178
K7662,5179
K6654,5180
K6653,5181
K6652,5182
K6643,5183
K6642,5184
K6632,5185
QJT66,5186
QJ966,5187
QJ866,5188
QJ766,5189
QJ665,5190
QJ664,5191
QJ663,5192
QJ662,5193
QT966,5194
QT866,5195
QT766,5196
QT665,5197
QT664,5198
QT663,5199
QT662,5200
Q9866,5201
Q9766,5202
Q9665,5203
Q9664,5204
Q9663,5205
Q9662,5206
Q8766,5207
Q8665,5208
Q8664,5209
Q8663,5210
Q8662,5211
Q7665,5212
Q7664,5213
Q7663,5214
Q7662,5215
Q6654,5216
Q6653,5217
Q6652,5218
Q6643,5219
Q6642,5220
Q6632,5221
JT966,5222
JT866,5223
JT766,5224
JT665,5225
JT664,5226
JT663,5227
JT662,5228
J9866,5229
J9766,5230
J9665,5231
J9664,5232
J9663,5233
J9662,5234
J8766,5235
J8665,5236
J8664,5237
J8663,5238
J8662,5239
J7665,5240
J7664,5241
J7663,5242
J7662,5243
J6654,5244
J6653,5245
J6652,5246
J6643,5247
J6642,5248
J6632,5249
T9866,5250
T9766,5251
T9665,5252
T9664,5253
T9663,5254
T9662,5255
T8766,5256
T8665,5257
T8664,5258
T8663,5259
T8662,5260
T7665,5261
T7664,5262
T7663,5263
T7662,5264
T6654,5265
T6653,5266
T6652,5267
T6643,5268
T6642,5269
T6632,5270
98766,5271
98665,5272
98664,5273
98663,5274
98662,5275
97665,5276
97664,5277
97663,5278
97662,5279
96654,5280
96653,5281
96652,5282
96643,5283
96642,5284
96632,5285
87665,5286
87664,5287
87663,5288
87662,5289
86654,5290
86653,5291
86652,5292
86643,5293
86642,5294
86632,5295
76654,5296
76653,5297
76652,5298
76643,5299
76642,5300
76632,5301
66543,5302
66542,5303
66532,5304
66432,5305
AKQ55,5306
AKJ55,5307
AKT55,5308
AK955,5309
AK855,5310
AK755,5311
AK655,5312
AK554,5313
AK553,5314
AK552,5315
AQJ55,5316
AQT55,5317
AQ955,5318
AQ855,5319
AQ755,5320
AQ655,5321
AQ554,5322
AQ553,5323
AQ552,5324
AJT55,5325
AJ955,5326
AJ855,5327
AJ755,5328
AJ655,5329
AJ554,5330
AJ553,5331
AJ552,5332
AT955,5333
AT855,5334
AT755,5335
AT655,5336
AT554,5337
AT553,5338
AT552,5339
A9855,5340
A9755,5341
A9655,5342
A9554,5343
A9553,5344
A9552,5345
A8755,5346
A8655,5347
A8554,5348
A8553,5349
A8552,5350
A7655,5351
A7554,5352
A7553,5353
A7552,5354
A6554,5355
A6553,5356
A6552,5357
A5543,5358
A5542,5359
A5532,5360
KQJ55,5361
KQT55,5362
KQ955,5363
KQ855,5364
KQ755,5365
KQ655,5366
KQ554,5367
KQ553,5368
KQ552,5369
KJT55,5370
KJ955,5371
KJ855,5372
KJ755,5373
KJ655,5374
KJ554,5375
KJ553,5376
KJ552,5377
KT955,5378
KT855,5379
KT755,5380
KT655,5381
KT554,5382
KT553,5383
KT552,5384
K9855,5385
K9755,5386
K9655,5387
K9554,5388
K9553,5389
K9552,5390
K8755,5391
K8655,5392
K8554,5393
K8553,5394
K8552,5395
K7655,5396
K7554,5397
K7553,5398
K7552,5399
K6554,5400
K6553,5401
K6552,5402
K5543,5403
K5542,5404
K5532,5405
QJT55,5406
QJ955,5407
QJ855,5408
QJ755,5409
QJ655,5410
QJ554,5411
QJ553,5412
QJ552,5413
QT955,5414
QT855,5415
QT755,5416
QT655,5417
QT554,5418
QT553,5419
QT552,5420
Q9855,5421
Q9755,5422
Q9655,5423
Q9554,5424
Q9553,5425
Q9552,5426
Q8755,5427
Q8655,5428
Q8554,5429
Q8553,5430
Q8552,5431
Q7655,5432
Q7554,5433
Q7553,5434
Q7552,5435
Q6554,5436
Q6553,5437
Q6552,5438
Q5543,5439
Q5542,5440
Q5532,5441
JT955,5442
JT855,5443
JT755,5444
JT655,5445
JT554,5446
JT553,5447
JT552,5448
J9855,5449
J9755,5450
J9655,5451
J9554,5452
J9553,5453
J9552,5454
J8755,5455
J8655,5456
J8554,5457
J8553,5458
J8552,5459
J7655,5460
J7554,5461
J7553,5462
J7552,5463
J6554,5464
J6553,5465
J6552,5466
J5543,5467
J5542,5468
J5532,5469
T9855,5470
T9755,5471
T9655,5472
T9554,5473
T9553,5474
T9552,5475
T8755,5476
T8655,5477
T8554,5478
T8553,5479
T8552,5480
T7655,5481
T7554,5482
T7553,5483
T7552,5484
T6554,5485
T6553,5486
T6552,5487
T5543,5488
T5542,5489
T5532,5490
98755,5491
98655,5492
98554,5493
98553,5494
98552,5495
97655,5496
97554,5497
97553,5498
97552,5499
96554,5500
96553,5501
96552,5502
95543,5503
95542,5504
95532,5505
87655,5506
87554,5507
87553,5508
87552,5509
86554,5510
86553,5511
86552,5512
85543,5513
85542,5514
85532,5515
76554,5516
76553,5517
76552,5518
75543,5519
75542,5520
75532,5521
65543,5522
65542,5523
65532,5524
55432,5525
AKQ44,5526
AKJ44,5527
AKT44,5528
AK944,5529
AK844,5530
AK744,5531
AK644,5532
AK544,5533
AK443,5534
AK442,5535
AQJ44,5536
AQT44,5537
AQ944,5538
AQ844,5539
AQ744,5540
AQ644,5541
AQ544,5542
AQ443,5543
AQ442,5544
AJT44,5545
AJ944,5546
AJ844,5547
AJ744,5548
AJ644,5549
AJ544,5550
AJ443,5551
AJ442,5552
AT944,5553
AT844,5554
AT744,5555
AT644,5556
AT544,5557
AT443,5558
AT442,5559
A9844,5560
A9744,5561
A9644,5562
A9544,5563
A9443,5564
A9442,5565
A8744,5566
A8644,5567
A8544,5568
A8443,5569
A8442,5570
A7644,5571
A7544,5572
A7443,5573
A7442,5574
A6544,5575
A6443,5576
A6442,5577
A5443,5578
A5442,5579
A4432,5580
KQJ44,5581
KQT44,5582
KQ944,5583
KQ844,5584
KQ744,5585
KQ644,5586
KQ544,5587
KQ443,5588
KQ442,5589
KJT44,5590
KJ944,5591
KJ844,5592
KJ744,5593
KJ644,5594
KJ544,5595
KJ443,5596
KJ442,5597
KT944,5598
KT844,5599
KT744,5600
KT644,5601
KT544,5602
KT443,5603
KT442,5604
K9844,5605
K9744,5606
K9644,5607
K9544,5608
K9443,5609
K9442,5610
K8744,5611
K8644,5612
K8544,5613
K8443,5614
K8442,5615
K7644,5616
K7544,5617
K7443,5618
K7442,5619
K6544,5620
K6443,5621
K6442,5622
K5443,5623
K5442,5624
K4432,5625
QJT44,5626
QJ944,5627
QJ844,5628
QJ744,5629
QJ644,5630
QJ544,5631
QJ443,5632
QJ442,5633
QT944,5634
QT844,5635
QT744,5636
QT644,5637
QT544,5638
QT443,5639
QT442,5640
Q9844,5641
Q9744,5642
Q9644,5643
Q9544,5644
Q9443,5645
Q9442,5646
Q8744,5647
Q8644,5648
Q8544,5649
Q8443,5650
Q8442,5651
Q7644,5652
Q7544,5653
Q7443,5654
Q7442,5655
Q6544,5656
Q6443,5657
Q6442,5658
Q5443,5659
Q5442,5660
Q4432,5661
JT944,5662
JT844,5663
JT744,5664
JT644,5665
JT544,5666
JT443,5667
JT442,5668
J9844,5669
J9744,5670
J9644,5671
J9544,5672
J9443,5673
J9442,5674
J8744,5675
J8644,5676
J8544,5677
J8443,5678
J8442,5679
J7644,5680
J7544,5681
J7443,5682
J7442,5683
J6544,5684
J6443,5685
J6442,5686
J5443,5687
J5442,5688
J4432,5689
T9844,5690
T9744,5691
T9644,5692
T9544,5693
T9443,5694
T9442,5695
T8744,5696
T8644,5697
T8544,5698
T8443,5699
T8442,5700
T7644,5701
T7544,5702
T7443,5703
T7442,5704
T6544,5705
T6443,5706
T6442,5707
T5443,5708
T5442,5709
T4432,5710
98744,5711
98644,5712
98544,5713
98443,5714
98442,5715
97644,5716
97544,5717
97443,5718
97442,5719
96544,5720
96443,5721
96442,5722
95443,5723
95442,5724
94432,5725
87644,5726
87544,5727
87443,5728
87442,5729
86544,5730
86443,5731
86442,5732
85443,5733
85442,5734
84432,5735
76544,5736
76443,5737
76442,5738
75443,5739
75442,5740
74432,5741
65443,5742
65442,5743
64432,5744
54432,5745
AKQ33,5746
AKJ33,5747
AKT33,5748
AK933,5749
AK833,5750
AK733,5751
AK633,5752
AK533,5753
AK433,5754
AK332,5755
AQJ33,5756
AQT33,5757
AQ933,5758
AQ833,5759
AQ733,5760
AQ633,5761
AQ533,5762
AQ433,5763
AQ332,5764
AJT33,5765
AJ933,5766
AJ833,5767
AJ733,5768
AJ633,5769
AJ533,5770
AJ433,5771
AJ332,5772
AT933,5773
AT833,5774
AT733,5775
AT633,5776
AT533,5777
AT433,5778
AT332,5779
A9833,5780
A9733,5781
A9633,5782
A9533,5783
A9433,5784
A9332,5785
A8733,5786
A8633,5787
A8533,5788
A8433,5789
A8332,5790
A7633,5791
A7533,5792
A7433,5793
A7332,5794
A6533,5795
A6433,5796
A6332,5797
A5433,5798
A5332,5799
A4332,5800
KQJ33,5801
KQT33,5802
KQ933,5803
KQ833,5804
KQ733,5805
KQ633,5806
KQ533,5807
KQ433,5808
KQ332,5809
KJT33,5810
KJ933,5811
KJ833,5812
KJ733,5813
KJ633,5814
KJ533,5815
KJ433,5816
KJ332,5817
KT933,5818
KT833,5819
KT733,5820
KT633,5821
KT533,5822
KT433,5823
KT332,5824
K9833,5825
K9733,5826
K9633,5827
K9533,5828
K9433,5829
K9332,5830
K8733,5831
K8633,5832
K8533,5833
K8433,5834
K8332,5835
K7633,5836
K7533,5837
K7433,5838
K7332,5839
K6533,5840
K6433,5841
K6332,5842
K5433,5843
K5332,5844
K4332,5845
QJT33,5846
QJ933,5847
QJ833,5848
QJ733,5849
QJ633,5850
QJ533,5851
QJ433,5852
QJ332,5853
QT933,5854
QT833,5855
QT733,5856
QT633,5857
QT533,5858
QT433,5859
QT332,5860
Q9833,5861
Q9733,5862
Q9633,5863
Q9533,5864
Q9433,5865
Q9332,5866
Q8733,5867
Q8633,5868
Q8533,5869
Q8433,5870
Q8332,5871
Q7633,5872
Q7533,5873
Q7433,5874
Q7332,5875
Q6533,5876
Q6433,5877
Q6332,5878
Q5433,5879
Q5332,5880
Q4332,5881
JT933,5882
JT833,5883
JT733,5884
JT633,5885
JT533,5886
JT433,5887
JT332,5888
J9833,5889
J9733,5890
J9633,5891
J9533,5892
J9433,5893
J9332,5894
J8733,5895
J8633,5896
J8533,5897
J8433,5898
J8332,5899
J7633,5900
J7533,5901
J7433,5902
J7332,5903
J6533,5904
J6433,5905
J6332,5906
J5433,5907
J5332,5908
J4332,5909
T9833,5910
T9733,5911
T9633,5912
T9533,5913
T9433,5914
T9332,5915
T8733,5916
T8633,5917
T8533,5918
T8433,5919
T8332,5920
T7633,5921
T7533,5922
T7433,5923
T7332,5924
T6533,5925
T6433,5926
T6332,5927
T5433,5928
T5332,5929
T4332,5930
98733,5931
98633,5932
98533,5933
98433,5934
98332,5935
97633,5936
97533,5937
97433,5938
97332,5939
96533,5940
96433,5941
96332,5942
95433,5943
95332,5944
94332,5945
87633,5946
87533,5947
87433,5948
87332,5949
86533,5950
86433,5951
86332,5952
85433,5953
85332,5954
84332,5955
76533,5956
76433,5957
76332,5958
75433,5959
75332,5960
74332,5961
65433,5962
65332,5963
64332,5964
54332,5965
AKQ22,5966
AKJ22,5967
AKT22,5968
AK922,5969
AK822,5970
AK722,5971
AK622,5972
AK522,5973
AK422,5974
AK322,5975
AQJ22,5976
AQT22,5977
AQ922,5978
AQ822,5979
AQ722,5980
AQ622,5981
AQ522,5982
AQ422,5983
AQ322,5984
AJT22,5985
AJ922,5986
AJ822,5987
AJ722,5988
AJ622,5989
AJ522,5990
AJ422,5991
AJ322,5992
AT922,5993
AT822,5994
AT722,5995
AT622,5996
AT522,5997
AT422,5998
AT322,5999
A9822,6000
A9722,6001
A9622,6002
A9522,6003
A9422,6004
A9322,6005
A8722,6006
A8622,6007
A8522,6008
A8422,6009
A8322,6010
A7622,6011
A7522,6012
A7422,6013
A7322,6014
A6522,6015
A6422,6016
A6322,6017
A5422,6018
A5322,6019
A4322,6020
KQJ22,6021
KQT22,6022
KQ922,6023
KQ822,6024
KQ722,6025
KQ622,6026
KQ522,6027
KQ422,6028
KQ322,6029
KJT22,6030
KJ922,6031
KJ822,6032
KJ722,6033
KJ622,6034
KJ522,6035
KJ422,6036
KJ322,6037
KT922,6038
KT822,6039
KT722,6040
KT622,6041
KT522,6042
KT422,6043
KT322,6044
K9822,6045
K9722,6046
K9622,6047
K9522,6048
K9422,6049
K9322,6050
K8722,6051
K8622,6052
K8522,6053
K8422,6054
K8322,6055
K7622,6056
K7522,6057
K7422,6058
K7322,6059
K6522,6060
K6422,6061
K6322,6062
K5422,6063
K5322,6064
K4322,6065
QJT22,6066
QJ922,6067
QJ822,6068
QJ722,6069
QJ622,6070
QJ522,6071
QJ422,6072
QJ322,6073
QT922,6074
QT822,6075
QT722,6076
QT622,6077
QT522,6078
QT422,6079
QT322,6080
Q9822,6081
Q9722,6082
Q9622,6083
Q9522,6084
Q9422,6085
Q9322,6086
Q8722,6087
Q8622,6088
Q8522,6089
Q8422,6090
Q8322,6091
Q7622,6092
Q7522,6093
Q7422,6094
Q7322,6095
Q6522,6096
Q6422,6097
Q6322,6098
Q5422,6099
Q5322,6100
Q4322,6101
JT922,6102
JT822,6103
JT722,6104
JT622,6105
JT522,6106
JT422,6107
JT322,6108
J9822,6109
J9722,6110
J9622,6111
J9522,6112
J9422,6113
J9322,6114
J8722,6115
J8622,6116
J8522,6117
J8422,6118
J8322,6119
J7622,6120
J7522,6121
J7422,6122
J7322,6123
J6522,6124
J6422,6125
J6322,6126
J5422,6127
J5322,6128
J4322,6129
T9822,6130
T9722,6131
T9622,6132
T9522,6133
T9422,6134
T9322,6135
T8722,6136
T8622,6137
T8522,6138
T8422,6139
T8322,6140
T7622,6141
T7522,6142
T7422,6143
T7322,6144
T6522,6145
T6422,6146
T6322,6147
T5422,6148
T5322,6149
T4322,6150
98722,6151
98622,6152
98522,6153
98422,6154
98322,6155
97622,6156
97522,6157
97422,6158
97322,6159
96522,6160
96422,6161
96322,6162
95422,6163
95322,6164
94322,6165
87622,6166
87522,6167
87422,6168
87322,6169
86522,6170
86422,6171
86322,6172
85422,6173
85322,6174
84322,6175
76522,6176
76422,6177
76322,6178
75422,6179
75322,6180
74322,6181
65422,6182
65322,6183
64322,6184
54322,6185
AKQJ9,6186
AKQJ8,6187
AKQJ7,6188
AKQJ6,6189
AKQJ5,6190
AKQJ4,6191
AKQJ3,6192
AKQJ2,6193
AKQT9,6194
AKQT8,6195
AKQT7,6196
AKQT6,6197
AKQT5,6198
AKQT4,6199
AKQT3,6200
AKQT2,6201
AKQ98,6202
AKQ97,6203
AKQ96,6204
AKQ95,6205
AKQ94,6206
AKQ93,6207
AKQ92,6208
AKQ87,6209
AKQ86,6210
AKQ85,6211
AKQ84,6212
AKQ83,6213
AKQ82,6214
AKQ76,6215
AKQ75,6216
AKQ74,6217
AKQ73,6218
AKQ72,6219
AKQ65,6220
AKQ64,6221
AKQ63,6222
AKQ62,6223
AKQ54,6224
AKQ53,6225
AKQ52,6226
AKQ43,6227
AKQ42,6228
AKQ32,6229
AKJT9,6230
AKJT8,6231
AKJT7,6232
AKJT6,6233
AKJT5,6234
AKJT4,6235
AKJT3,6236
AKJT2,6237
AKJ98,6238
AKJ97,6239
AKJ96,6240
AKJ95,6241
AKJ94,6242
AKJ93,6243
AKJ92,6244
AKJ87,6245
AKJ86,6246
AKJ85,6247
AKJ84,6248
AKJ83,6249
AKJ82,6250
AKJ76,6251
AKJ75,6252
AKJ74,6253
AKJ73,6254
AKJ72,6255
AKJ65,6256
AKJ64,6257
AKJ63,6258
AKJ62,6259
AKJ54,6260
AKJ53,6261
AKJ52,6262
AKJ43,6263
AKJ42,6264
AKJ32,6265
AKT98,6266
AKT97,6267
AKT96,6268
AKT95,6269
AKT94,6270
AKT93,6271
AKT92,6272
AKT87,6273
AKT86,6274
AKT85,6275
AKT84,6276
AKT83,6277
AKT82,6278
AKT76,6279
AKT75,6280
AKT74,6281
AKT73,6282
AKT72,6283
AKT65,6284
AKT64,6285
AKT63,6286
AKT62,6287
AKT54,6288
AKT53,6289
AKT52,6290
AKT43,6291
AKT42,6292
AKT32,6293
AK987,6294
AK986,6295
AK985,6296
AK984,6297
AK983,6298
AK982,6299
AK976,6300
AK975,6301
AK974,6302
AK973,6303
AK972,6304
AK965,6305
AK964,6306
AK963,6307
AK962,6308
AK954,6309
AK953,6310
AK952,6311
AK943,6312
AK942,6313
AK932,6314
AK876,6315
AK875,6316
AK874,6317
AK873,6318
AK872,6319
AK865,6320
AK864,6321
AK863,6322
AK862,6323
AK854,6324
AK853,6325
AK852,6326
AK843,6327
AK842,6328
AK832,6329
AK765,6330
AK764,6331
AK763,6332
AK762,6333
AK754,6334
AK753,6335
AK752,6336
AK743,6337
AK742,6338
AK732,6339
AK654,6340
AK653,6341
AK652,6342
AK643,6343
AK642,6344
AK632,6345
AK543,6346
AK542,6347
AK532,6348
AK432,6349
AQJT9,6350
AQJT8,6351
AQJT7,6352
AQJT6,6353
AQJT5,6354
AQJT4,6355
AQJT3,6356
AQJT2,6357
AQJ98,6358
AQJ97,6359
AQJ96,6360
AQJ95,6361
AQJ94,6362
AQJ93,6363
AQJ92,6364
AQJ87,6365
AQJ86,6366
AQJ85,6367
AQJ84,6368
AQJ83,6369
AQJ82,6370
AQJ76,6371
AQJ75,6372
AQJ74,6373
AQJ73,6374
AQJ72,6375
AQJ65,6376
AQJ64,6377
AQJ63,6378
AQJ62,6379
AQJ54,6380
AQJ53,6381
AQJ52,6382
AQJ43,6383
AQJ42,6384
AQJ32,6385
AQT98,6386
AQT97,6387
AQT96,6388
AQT95,6389
AQT94,6390
AQT93,6391
AQT92,6392
AQT87,6393
AQT86,6394
AQT85,6395
AQT84,6396
AQT83,6397
AQT82,6398
AQT76,6399
AQT75,6400
AQT74,6401
AQT73,6402
AQT72,6403
AQT65,6404
AQT64,6405
AQT63,6406
AQT62,6407
AQT54,6408
AQT53,6409
AQT52,6410
AQT43,6411
AQT42,6412
AQT32,6413
AQ987,6414
AQ986,6415
AQ985,6416
AQ984,6417
AQ983,6418
AQ982,6419
AQ976,6420
AQ975,6421
AQ974,6422
AQ973,6423
AQ972,6424
AQ965,6425
AQ964,6426
AQ963,6427
AQ962,6428
AQ954,6429
AQ953,6430
AQ952,6431
AQ943,6432
AQ942,6433
AQ932,6434
AQ876,6435
AQ875,6436
AQ874,6437
AQ873,6438
AQ872,6439
AQ865,6440
AQ864,6441
AQ863,6442
AQ862,6443
AQ854,6444
AQ853,6445
AQ852,6446
AQ843,6447
AQ842,6448
AQ832,6449
AQ765,6450
AQ764,6451
AQ763,6452
AQ762,6453
AQ754,6454
AQ753,6455
AQ752,6456
AQ743,6457
AQ742,6458
AQ732,6459
AQ654,6460
AQ653,6461
AQ652,6462
AQ643,6463
AQ642,6464
AQ632,6465
AQ543,6466
AQ542,6467
AQ532,6468
AQ432,6469
AJT98,6470
AJT97,6471
AJT96,6472
AJT95,6473
AJT94,6474
AJT93,6475
AJT92,6476
AJT87,6477
AJT86,6478
AJT85,6479
AJT84,6480
AJT83,6481
AJT82,6482
AJT76,6483
AJT75,6484
AJT74,6485
AJT73,6486
AJT72,6487
AJT65,6488
AJT64,6489
AJT63,6490
AJT62,6491
AJT54,6492
AJT53,6493
AJT52,6494
AJT43,6495
AJT42,6496
AJT32,6497
AJ987,6498
AJ986,6499
AJ985,6500
AJ984,6501
AJ983,6502
AJ982,6503
AJ976,6504
AJ975,6505
AJ974,6506
AJ973,6507
AJ972,6508
AJ965,6509
AJ964,6510
AJ963,6511
AJ962,6512
AJ954,6513
AJ953,6514
AJ952,6515
AJ943,6516
AJ942,6517
AJ932,6518
AJ876,6519
AJ875,6520
AJ874,6521
AJ873,6522
AJ872,6523
AJ865,6524
AJ864,6525
AJ863,6526
AJ862,6527
AJ854,6528
AJ853,6529
AJ852,6530
AJ843,6531
AJ842,6532
AJ832,6533
AJ765,6534
AJ764,6535
AJ763,6536
AJ762,6537
AJ754,6538
AJ753,6539
AJ752,6540
AJ743,6541
AJ742,6542
AJ732,6543
AJ654,6544
AJ653,6545
AJ652,6546
AJ643,6547
AJ642,6548
AJ632,6549
AJ543,6550
AJ542,6551
AJ532,6552
AJ432,6553
AT987,6554
AT986,6555
AT985,6556
AT984,6557
AT983,6558
AT982,6559
AT976,6560
AT975,6561
AT974,6562
AT973,6563
AT972,6564
AT965,6565
AT964,6566
AT963,6567
AT962,6568
AT954,6569
AT953,6570
AT952,6571
AT943,6572
AT942,6573
AT932,6574
AT876,6575
AT875,6576
AT874,6577
AT873,6578
AT872,6579
AT865,6580
AT864,6581
AT863,6582
AT862,6583
AT854,6584
AT853,6585
AT852,6586
AT843,6587
AT842,6588
AT832,6589
AT765,6590
AT764,6591
AT763,6592
AT762,6593
AT754,6594
AT753,6595
AT752,6596
AT743,6597
AT742,6598
AT732,6599
AT654,6600
AT653,6601
AT652,6602
AT643,6603
AT642,6604
AT632,6605
AT543,6606
AT542,6607
AT532,6608
AT432,6609
A9876,6610
A9875,6611
A9874,6612
A9873,6613
A9872,6614
A9865,6615
A9864,6616
A9863,6617
A9862,6618
A9854,6619
A9853,6620
A9852,6621
A9843,6622
A9842,6623
A9832,6624
A9765,6625
A9764,6626
A9763,6627
A9762,6628
A9754,6629
A9753,6630
A9752,6631
A9743,6632
A9742,6633
A9732,6634
A9654,6635
A9653,6636
A9652,6637
A9643,6638
A9642,6639
A9632,6640
A9543,6641
A9542,6642
A9532,6643
A9432,6644
A8765,6645
A8764,6646
A8763,6647
A8762,6648
A8754,6649
A8753,6650
A8752,6651
A8743,6652
A8742,6653
A8732,6654
A8654,6655
A8653,6656
A8652,6657
A8643,6658
A8642,6659
A8632,6660
A8543,6661
A8542,6662
A8532,6663
A8432,6664
A7654,6665
A7653,6666
A7652,6667
A7643,6668
A7642,6669
A7632,6670
A7543,6671
A7542,6672
A7532,6673
A7432,6674
A6543,6675
A6542,6676
A6532,6677
A6432,6678
KQJT8,6679
KQJT7,6680
KQJT6,6681
KQJT5,6682
KQJT4,6683
KQJT3,6684
KQJT2,6685
KQJ98,6686
KQJ97,6687
KQJ96,6688
KQJ95,6689
KQJ94,6690
KQJ93,6691
KQJ92,6692
KQJ87,6693
KQJ86,6694
KQJ85,6695
KQJ84,6696
KQJ83,6697
KQJ82,6698
KQJ76,6699
KQJ75,6700
KQJ74,6701
KQJ73,6702
KQJ72,6703
KQJ65,6704
KQJ64,6705
KQJ63,6706
KQJ62,6707
KQJ54,6708
KQJ53,6709
KQJ52,6710
KQJ43,6711
KQJ42,6712
KQJ32,6713
KQT98,6714
KQT97,6715
KQT96,6716
KQT95,6717
KQT94,6718
KQT93,6719
KQT92,6720
KQT87,6721
KQT86,6722
KQT85,6723
KQT84,6724
KQT83,6725
KQT82,6726
KQT76,6727
KQT75,6728
KQT74,6729
KQT73,6730
KQT72,6731
KQT65,6732
KQT64,6733
KQT63,6734
KQT62,6735
KQT54,6736
KQT53,6737
KQT52,6738
KQT43,6739
KQT42,6740
KQT32,6741
KQ987,6742
KQ986,6743
KQ985,6744
KQ984,6745
KQ983,6746
KQ982,6747
KQ976,6748
KQ975,6749
KQ974,6750
KQ973,6751
KQ972,6752
KQ965,6753
KQ964,6754
KQ963,6755
KQ962,6756
KQ954,6757
KQ953,6758
KQ952,6759
KQ943,6760
KQ942,6761
KQ932,6762
KQ876,6763
KQ875,6764
KQ874,6765
KQ873,6766
KQ872,6767
KQ865,6768
KQ864,6769
KQ863,6770
KQ862,6771
KQ854,6772
KQ853,6773
KQ852,6774
KQ843,6775
KQ842,6776
KQ832,6777
KQ765,6778
KQ764,6779
KQ763,6780
KQ762,6781
KQ754,6782
KQ753,6783
KQ752,6784
KQ743,6785
KQ742,6786
KQ732,6787
KQ654,6788
KQ653,6789
KQ652,6790
KQ643,6791
KQ642,6792
KQ632,6793
KQ543,6794
KQ542,6795
KQ532,6796
KQ432,6797
KJT98,6798
KJT97,6799
KJT96,6800
KJT95,6801
KJT94,6802
KJT93,6803
KJT92,6804
KJT87,6805
KJT86,6806
KJT85,6807
KJT84,6808
KJT83,6809
KJT82,6810
KJT76,6811
KJT75,6812
KJT74,6813
KJT73,6814
KJT72,6815
KJT65,6816
KJT64,6817
KJT63,6818
KJT62,6819
KJT54,6820
KJT53,6821
KJT52,6822
KJT43,6823
KJT42,6824
KJT32,6825
KJ987,6826
KJ986,6827
KJ985,6828
KJ984,6829
KJ983,6830
KJ982,6831
KJ976,6832
KJ975,6833
KJ974,6834
KJ973,6835
KJ972,6836
KJ965,6837
KJ964,6838
KJ963,6839
KJ962,6840
KJ954,6841
KJ953,6842
KJ952,6843
KJ943,6844
KJ942,6845
KJ932,6846
KJ876,6847
KJ875,6848
KJ874,6849
KJ873,6850
KJ872,6851
KJ865,6852
KJ864,6853
KJ863,6854
KJ862,6855
KJ854,6856
KJ853,6857
KJ852,6858
KJ843,6859
KJ842,6860
KJ832,6861
KJ765,6862
KJ764,6863
KJ763,6864
KJ762,6865
KJ754,6866
KJ753,6867
KJ752,6868
KJ743,6869
KJ742,6870
KJ732,6871
KJ654,6872
KJ653,6873
KJ652,6874
KJ643,6875
KJ642,6876
KJ632,6877
KJ543,6878
KJ542,6879
KJ532,6880
KJ432,6881
KT987,6882
KT986,6883
KT985,6884
KT984,6885
KT983,6886
KT982,6887
KT976,6888
KT975,6889
KT974,6890
KT973,6891
KT972,6892
KT965,6893
KT964,6894
KT963,6895
KT962,6896
KT954,6897
KT953,6898
KT952,6899
KT943,6900
KT942,6901
KT932,6902
KT876,6903
KT875,6904
KT874,6905
KT873,6906
KT872,6907
KT865,6908
KT864,6909
KT863,6910
KT862,6911
KT854,6912
KT853,6913
KT852,6914
KT843,6915
KT842,6916
KT832,6917
KT765,6918
KT764,6919
KT763,6920
KT762,6921
KT754,6922
KT753,6923
KT752,6924
KT743,6925
KT742,6926
KT732,6927
KT654,6928
KT653,6929
KT652,6930
KT643,6931
KT642,6932
KT632,6933
KT543,6934
KT542,6935
KT532,6936
KT432,6937
K9876,6938
K9875,6939
K9874,6940
K9873,6941
K9872,6942
K9865,6943
K9864,6944
K9863,6945
K9862,6946
K9854,6947
K9853,6948
K9852,6949
K9843,6950
K9842,6951
K9832,6952
K9765,6953
K9764,6954
K9763,6955
K9762,6956
K9754,6957
K9753,6958
K9752,6959
K9743,6960
K9742,6961
K9732,6962
K9654,6963
K9653,6964
K9652,6965
K9643,6966
K9642,6967
K9632,6968
K9543,6969
K9542,6970
K9532,6971
K9432,6972
K8765,6973
K8764,6974
K8763,6975
K8762,6976
K8754,6977
K8753,6978
K8752,6979
K8743,6980
K8742,6981
K8732,6982
K8654,6983
K8653,6984
K8652,6985
K8643,6986
K8642,6987
K8632,6988
K8543,6989
K8542,6990
K8532,6991
K8432,6992
K7654,6993
K7653,6994
K7652,6995
K7643,6996
K7642,6997
K7632,6998
K7543,6999
K7542,7000
K7532,7001
K7432,7002
K6543,7003
K6542,7004
K6532,7005
K6432,7006
K5432,7007
QJT97,7008
QJT96,7009
QJT95,7010
QJT94,7011
QJT93,7012
QJT92,7013
QJT87,7014
QJT86,7015
QJT85,7016
QJT84,7017
QJT83,7018
QJT82,7019
QJT76,7020
QJT75,7021
QJT74,7022
QJT73,7023
QJT72,7024
QJT65,7025
QJT64,7026
QJT63,7027
QJT62,7028
QJT54,7029
QJT53,7030
QJT52,7031
QJT43,7032
QJT42,7033
QJT32,7034
QJ987,7035
QJ986,7036
QJ985,7037
QJ984,7038
QJ983,7039
QJ982,7040
QJ976,7041
QJ975,7042
QJ974,7043
QJ973,7044
QJ972,7045
QJ965,7046
QJ964,7047
QJ963,7048
QJ962,7049
QJ954,7050
QJ953,7051
QJ952,7052
QJ943,7053
QJ942,7054
QJ932,7055
QJ876,7056
QJ875,7057
QJ874,7058
QJ873,7059
QJ872,7060
QJ865,7061
QJ864,7062
QJ863,7063
QJ862,7064
QJ854,7065
QJ853,7066
QJ852,7067
QJ843,7068
QJ842,7069
QJ832,7070
QJ765,7071
QJ764,7072
QJ763,7073
QJ762,7074
QJ754,7075
QJ753,7076
QJ752,7077
QJ743,7078
QJ742,7079
QJ732,7080
QJ654,7081
QJ653,7082
QJ652,7083
QJ643,7084
QJ642,7085
QJ632,7086
QJ543,7087
QJ542,7088
QJ532,7089
QJ432,7090
QT987,7091
QT986,7092
QT985,7093
QT984,7094
QT983,7095
QT982,7096
QT976,7097
QT975,7098
QT974,7099
QT973,7100
QT972,7101
QT965,7102
QT964,7103
QT963,7104
QT962,7105
QT954,7106
QT953,7107
QT952,7108
QT943,7109
QT942,7110
QT932,7111
QT876,7112
QT875,7113
QT874,7114
QT873,7115
QT872,7116
QT865,7117
QT864,7118
QT863,7119
QT862,7120
QT854,7121
QT853,7122
QT852,7123
QT843,7124
QT842,7125
QT832,7126
QT765,7127
QT764,7128
QT763,7129
QT762,7130
QT754,7131
QT753,7132
QT752,7133
QT743,7134
QT742,7135
QT732,7136
QT654,7137
QT653,7138
QT652,7139
QT643,7140
QT642,7141
QT632,7142
QT543,7143
QT542,7144
QT532,7145
QT432,7146
Q9876,7147
Q9875,7148
Q9874,7149
Q9873,7150
Q9872,7151
Q9865,7152
Q9864,7153
Q9863,7154
Q9862,7155
Q9854,7156
Q9853,7157
Q9852,7158
Q9843,7159
Q9842,7160
Q9832,7161
Q9765,7162
Q9764,7163
Q9763,7164
Q9762,7165
Q9754,7166
Q9753,7167
Q9752,7168
Q9743,7169
Q9742,7170
Q9732,7171
Q9654,7172
Q9653,7173
Q9652,7174
Q9643,7175
Q9642,7176
Q9632,7177
Q9543,7178
Q9542,7179
Q9532,7180
Q9432,7181
Q8765,7182
Q8764,7183
Q8763,7184
Q8762,7185
Q8754,7186
Q8753,7187
Q8752,7188
Q8743,7189
Q8742,7190
Q8732,7191
Q8654,7192
Q8653,7193
Q8652,7194
Q8643,7195
Q8642,7196
Q8632,7197
Q8543,7198
Q8542,7199
Q8532,7200
Q8432,7201
Q7654,7202
Q7653,7203
Q7652,7204
Q7643,7205
Q7642,7206
Q7632,7207
Q7543,7208
Q7542,7209
Q7532,7210
Q7432,7211
Q6543,7212
Q6542,7213
Q6532,7214
Q6432,7215
Q5432,7216
JT986,7217
JT985,7218
JT984,7219
JT983,7220
JT982,7221
JT976,7222
JT975,7223
JT974,7224
JT973,7225
JT972,7226
JT965,7227
JT964,7228
JT963,7229
JT962,7230
JT954,7231
JT953,7232
JT952,7233
JT943,7234
JT942,7235
JT932,7236
JT876,7237
JT875,7238
JT874,7239
JT873,7240
JT872,7241
JT865,7242
JT864,7243
JT863,7244
JT862,7245
JT854,7246
JT853,7247
JT852,7248
JT843,7249
JT842,7250
JT832,7251
JT765,7252
JT764,7253
JT763,7254
JT762,7255
JT754,7256
JT753,7257
JT752,7258
JT743,7259
JT742,7260
JT732,7261
JT654,7262
JT653,7263
JT652,7264
JT643,7265
JT642,7266
JT632,7267
JT543,7268
JT542,7269
JT532,7270
JT432,7271
J9876,7272
J9875,7273
J9874,7274
J9873,7275
J9872,7276
J9865,7277
J9864,7278
J9863,7279
J9862,7280
J9854,7281
J9853,7282
J9852,7283
J9843,7284
J9842,7285
J9832,7286
J9765,7287
J9764,7288
J9763,7289
J9762,7290
J9754,7291
J9753,7292
J9752,7293
J9743,7294
J9742,7295
J9732,7296
J9654,7297
J9653,7298
J9652,7299
J9643,7300
J9642,7301
J9632,7302
J9543,7303
J9542,7304
J9532,7305
J9432,7306
J8765,7307
J8764,7308
J8763,7309
J8762,7310
J8754,7311
J8753,7312
J8752,7313
J8743,7314
J8742,7315
J8732,7316
J8654,7317
J8653,7318
J8652,7319
J8643,7320
J8642,7321
J8632,7322
J8543,7323
J8542,7324
J8532,7325
J8432,7326
J7654,7327
J7653,7328
J7652,7329
J7643,7330
J7642,7331
J7632,7332
J7543,7333
J7542,7334
J7532,7335
J7432,7336
J6543,7337
J6542,7338
J6532,7339
J6432,7340
J5432,7341
T9875,7342
T9874,7343
T9873,7344
T9872,7345
T9865,7346
T9864,7347
T9863,7348
T9862,7349
T9854,7350
T9853,7351
T9852,7352
T9843,7353
T9842,7354
T9832,7355
T9765,7356
T9764,7357
T9763,7358
T9762,7359
T9754,7360
T9753,7361
T9752,7362
T9743,7363
T9742,7364
T9732,7365
T9654,7366
T9653,7367
T9652,7368
T9643,7369
T9642,7370
T9632,7371
T9543,7372
T9542,7373
T9532,7374
T9432,7375
T8765,7376
T8764,7377
T8763,7378
T8762,7379
T8754,7380
T8753,7381
T8752,7382
T8743,7383
T8742,7384
T8732,7385
T8654,7386
T8653,7387
T8652,7388
T8643,7389
T8642,7390
T8632,7391
T8543,7392
T8542,7393
T8532,7394
T8432,7395
T7654,7396
T7653,7397
T7652,7398
T7643,7399
T7642,7400
T7632,7401
T7543,7402
T7542,7403
T7532,7404
T7432,7405
T6543,7406
T6542,7407
T6532,7408
T6432,7409
T5432,7410
98764,7411
98763,7412
98762,7413
98754,7414
98753,7415
98752,7416
98743,7417
98742,7418
98732,7419
98654,7420
98653,7421
98652,7422
98643,7423
98642,7424
98632,7425
98543,7426
98542,7427
98532,7428
98432,7429
97654,7430
97653,7431
97652,7432
97643,7433
97642,7434
97632,7435
97543,7436
97542,7437
97532,7438
97432,7439
96543,7440
96542,7441
96532,7442
96432,7443
95432,7444
87653,7445
87652,7446
87643,7447
87642,7448
87632,7449
87543,7450
87542,7451
87532,7452
87432,7453
86543,7454
86542,7455
86532,7456
86432,7457
85432,7458
76542,7459
76532,7460
76432,7461
75432,7462
